review_id,username,rating,review_text,date,sentiment,load_dts,day_name,day_number,rating_label,sentiment_color
dc0252ce-6e00-4c78-ad53-8c66a7d6e87d,Roikhatul Janah,1,"makin jelek, opsi pembayaran berkurang, sebelumnya bisa pake dana sekarang tidak ada opsi pakai dana",2025-11-06 03:39:50+00,negative,2025-12-04 02:40:44.842332+00,Thursday ,4,Terrible,red
d947f316-eaf5-4eae-8bbd-773433b47184,Oktavia M P,1,payah minta update terus mana jadi lemot klo udh di update,2025-11-03 23:28:46+00,negative,2025-12-04 02:40:44.842332+00,Monday   ,1,Terrible,red
a4998069-5509-4877-b438-79d495c5d6a5,Aditiya Vermana_NKN,1,aplikasi fitur buruk salah pilih keberangkatan stasiun gabisa diubah cuma destinasi doang yang bisa diubah kalah sama gojek naik krl aja bisa bahkan bisa refund,2025-10-27 16:05:02+00,negative,2025-12-04 02:40:44.842332+00,Monday   ,1,Terrible,red
6aa8755f-e925-4132-8efb-919dcfbcf45a,Arief Rahman Hanafi,1,opsi pembayaran untuk bank tidak lengkap... masih di monopoli Blu BCA,2025-09-14 12:50:21+00,negative,2025-11-12 08:54:31.460817+00,Sunday,7,Terrible,red
83a1c94c-92ea-4140-8491-6d7519b27098,darun Jb,1,Baru mau coba beli tiket eh metode pembayarannya ga ada sama sekali. Bener2 gila,2023-10-08 05:55:22+00,negative,2025-11-12 08:54:31.460817+00,Sunday,7,Terrible,red
9f5f3c18-b54d-4ba3-948d-c94f857b4ddd,farid achmad arif adani,1,"gk bisa pakai ovo, gopay, dana lagi",2023-07-29 06:40:25+00,negative,2025-11-12 08:54:31.460817+00,Saturday,6,Terrible,red
926fdb5f-a385-49e7-8708-6b0d1c498f4b,Yunizar Suwandhana,5,ok,2023-07-12 15:26:01+00,positive,2025-11-12 08:54:31.460817+00,Wednesday,3,Excellent,green
16c04c0d-d16f-46d8-b59a-b6e7446891e0,ivan dipiadi,5,ok,2023-03-31 23:52:25+00,positive,2025-11-12 08:54:31.460817+00,Friday,5,Excellent,green
a3650382-abca-4c00-a4b2-14b4e1f65cf8,Aswan Kahar,5,keren,2023-03-19 11:59:28+00,positive,2025-11-12 08:54:31.460817+00,Sunday,7,Excellent,green
4f11ad05-0c27-4c71-b9e0-f4569fe5f23c,이룬,5,"Transportasi Jakarta yg sangat membantu, dengan adanya MRT Jakarta lebih mudah untuk pengguna transportasi umum.",2023-01-29 15:20:18+00,positive,2025-11-12 08:54:31.460817+00,Sunday,7,Excellent,green
6bd766f3-a80a-4d67-b198-c331f317ab40,syafiq wibowo,4,ok,2022-12-25 10:23:37+00,positive,2025-11-12 08:54:31.460817+00,Sunday,7,Good,green
f835a1ed-ebde-476a-a034-ed93bed0079c,andre Farhan,5,failed,2022-10-29 09:40:01+00,positive,2025-11-12 08:54:31.460817+00,Saturday,6,Excellent,green
1a9a30f3-c7a5-4bd9-ad02-23c3667be602,Aboe Hanifah,5,the best transportasi,2022-10-27 08:11:16+00,positive,2025-11-12 08:54:31.460817+00,Thursday,4,Excellent,green
31f5a856-f09e-4848-8274-75d31623fa90,Fajrian Nur,5,keren dan sangat membantu maju terus mrt jakarta,2022-10-27 00:39:52+00,positive,2025-11-12 08:54:31.460817+00,Thursday,4,Excellent,green
b4d802f9-17a8-483c-8bdb-c3a86fbf91da,Se_Indonesia,5,sangat bagus,2022-10-24 07:33:47+00,positive,2025-11-12 08:54:31.460817+00,Monday,1,Excellent,green
7b9b07f6-8126-4fca-a8c3-a6a84b4fc44f,Agus Prayoga,5,sangat baik,2022-10-24 04:16:08+00,positive,2025-11-12 08:54:31.460817+00,Monday,1,Excellent,green
d993264b-426f-45b8-9639-a5c44b1aa098,Eddy Silamat,5,proses pembuatan Akun mudah,2022-10-23 23:37:19+00,positive,2025-11-12 08:54:31.460817+00,Sunday,7,Excellent,green
e9fac07d-8836-43ac-87e0-4666763869d6,Budi jumarsono,5,mantap,2022-10-23 11:54:01+00,positive,2025-11-12 08:54:31.460817+00,Sunday,7,Excellent,green
d300701e-3320-413d-98e5-9ac6892fc745,syazafira nh,1,ngelag berkali kali saat pada tahap verifikasi,2022-10-23 08:06:59+00,negative,2025-11-12 08:54:31.460817+00,Sunday,7,Terrible,red
9163cd9f-07e0-45d5-9f60-890893b59cd4,Fiqri Uumar Hidayat,1,Aplikasi apaan ini. OTP berkali-kali gagal terus. Ga berbobot amat bikin aplikasi. Ga kaya yang lain. Payah.!,2022-10-23 00:00:37+00,negative,2025-11-12 08:54:31.460817+00,Sunday,7,Terrible,red
"0eb24dad-93e8-4ca5-8630-a3e759b40126",Agus Centro,5,good lah,2022-10-21 09:39:20+00,positive,2025-11-12 08:54:31.460817+00,Friday,5,Excellent,green
4dab22c1-13c0-4985-a566-31b085f369f8,Frn L.P,5,untuk kenyamanan dan ketepatan waktu ok.,2022-10-20 05:16:03+00,positive,2025-11-12 08:54:31.460817+00,Thursday,4,Excellent,green
92680976-eae4-408f-9c24-728e830b4eda,Doddy Christyo Utomo,1,"Pernah daftar,trus aplikasi kehapus,download ulang pas mau login masa gak bisa,masa harus ganti no hp dan email...bijimana neh",2022-10-16 02:34:03+00,negative,2025-11-12 08:54:31.460817+00,Sunday,7,Terrible,red
7d5a3da5-0d12-4166-8107-1ccddc801562,Andy Herlambang,5,mbagus,2022-10-15 05:42:45+00,positive,2025-11-12 08:54:31.460817+00,Saturday,6,Excellent,green
cc470836-17ed-4a04-ad6d-433d99054c37,Dilah Aas Saputra,4,sangat membantu,2022-10-14 12:07:48+00,positive,2025-11-12 08:54:31.460817+00,Friday,5,Good,green
4f069131-2d1b-4b9a-8f02-ef170c6f2a4e,Slamet Priyatin,5,belum pernah naik mrt .mau cobq pake aplikasi,2022-10-13 09:28:46+00,positive,2025-11-12 08:54:31.460817+00,Thursday,4,Excellent,green
"0968ee87-1788-4aeb-bd66-2e53f5d0d323",dok darman,5,mantap,2022-10-12 16:06:22+00,positive,2025-11-12 08:54:31.460817+00,Wednesday,3,Excellent,green
"011af788-8ff8-4dad-9c41-1328385d0ea5",Hariono Eko Santoso,5,Nice application,2022-10-12 09:58:07+00,positive,2025-11-12 08:54:31.460817+00,Wednesday,3,Excellent,green
873649e2-defb-43dc-99f0-b2a257c74018,Oliviaa_,5,"baguss banget, aplikasinya berisi informasi yang jelas dan dapat dimengerti",2022-10-12 05:41:51+00,positive,2025-11-12 08:54:31.460817+00,Wednesday,3,Excellent,green
e7bdcc21-a676-47d5-88e8-77071af99c0d,Wahyu Rigesa Pratama,1,"parah banget dah saldo gue ga dibalikin sama ini apk, abis top up malah error eh sekarang gaada lagi tuh saldonya",2025-11-02 12:25:45+00,negative,2025-12-04 02:40:44.842332+00,Sunday,7,Terrible,red
6ecd2ba4-6436-4ccb-bf89-bf911f5fe648,Yurah Chan,5,good,2021-12-12 11:25:04+00,positive,2025-12-04 02:40:44.842332+00,Sunday,7,Excellent,green
e6df14c5-c88b-4b7d-8cb7-1976381f1fc0,one design,1,Security kalian pihak MRT terlalu berlebihan tidak profesional! membuat Pelanggan tidak nyaman! Dan menghambat waktu!Keluar masuk harus dicek jika itu Bandara Penerbangan masih dimaklumi! Buat sistem keamanan yang lebih efisien dan tidak menghambat perjalanan CUSTOMER! 🚫,2025-10-26 14:28:27+00,negative,2025-12-04 02:40:44.842332+00,Sunday,7,Terrible,red
d42db7a7-0f4e-4b33-a228-489eb9fb79d0,Arif Sadikin,1,"harus punya pulsa baru terima otp, lemah",2021-12-11 09:56:48+00,negative,2025-12-04 02:40:44.842332+00,Saturday ,6,Terrible,red
e50c1897-3455-4d94-96cb-807ee1564f0a,Bambang Irawan,5,"keren, praktis",2021-12-11 04:36:04+00,positive,2025-12-04 02:40:44.842332+00,Saturday ,6,Excellent,green
d8199205-f464-4338-b088-90c2058dbdae,william alwisius,5,belum pernah naik,2021-11-22 23:18:36+00,positive,2025-12-04 02:40:44.842332+00,Monday   ,1,Excellent,green
56f58331-99b3-48f2-8d07-2d8390833f56,Yusup Jamaludin,1,Aplikasi nya nge bug terus jadi gak bisa di pakai,2021-11-22 22:35:09+00,negative,2025-12-04 02:40:44.842332+00,Monday   ,1,Terrible,red
f50cc05e-dff6-446d-8473-5dd38824c32b,Andi Rohim,5,Maju terus MRT terus berinovasi untuk mempermudah pengguna...,2021-11-22 15:13:53+00,positive,2025-12-04 02:40:44.842332+00,Monday   ,1,Excellent,green
9e9f4495-5a9e-4319-9384-016305259356,Imam Benceuh01,3,yah,2021-11-20 14:58:48+00,neutral,2025-12-04 02:40:44.842332+00,Saturday ,6,Average,yellow
12a13dde-1f00-4710-91cf-2e761da66c2b,Alif Azmi Afifi,5,good,2023-07-05 19:00:36+00,positive,2025-11-12 08:54:31.460817+00,Wednesday,3,Excellent,green
b0e4f7f4-6928-44d6-abdb-294ebde13f22,husni tamrin,5,kerennn,2023-04-30 03:11:05+00,positive,2025-11-12 08:54:31.460817+00,Sunday,7,Excellent,green
258a1d32-cde4-4ecf-ac7b-b38c8db75aae,Daisylawati Bismo,5,"senang ada transportasi ini, sangat mempermudah transportasi, simple, cepat, tepat.",2023-04-29 00:55:41+00,positive,2025-11-12 08:54:31.460817+00,Saturday,6,Excellent,green
4b4cd2da-d0ae-4692-ab51-fcbbf59c983f,betz aja,5,mudah & membantu,2023-04-21 11:26:54+00,positive,2025-11-12 08:54:31.460817+00,Friday,5,Excellent,green
bf067ecc-109f-499e-a2ce-c03ae79dd5f8,Kosmiran Kwek,5,ok,2023-04-21 09:31:53+00,positive,2025-11-12 08:54:31.460817+00,Friday,5,Excellent,green
d39bd2ab-0242-4273-b20b-f4634b6b6d32,agus kuncoro,5,"Menyenangkan bersama keluarga, bisa sampai tujuan dengan cepat dan biaya murah.",2023-04-18 06:20:45+00,positive,2025-11-12 08:54:31.460817+00,Tuesday,2,Excellent,green
cfeca904-f81d-4c02-937a-ec8c9369befc,yahya ekananta,1,Sering ngebug Anjing!,2023-04-13 03:00:24+00,negative,2025-11-12 08:54:31.460817+00,Thursday,4,Terrible,red
"0f5edddf-4198-4f7f-8fb2-12d06030552a",Ramli Usman,5,good app,2022-10-11 09:45:05+00,positive,2025-11-12 08:54:31.460817+00,Tuesday,2,Excellent,green
b80de3e2-078f-4d63-8fae-f0286f645998,RINTO LAKAVI,5,semoga lebih baik,2022-10-11 08:09:16+00,positive,2025-11-12 08:54:31.460817+00,Tuesday,2,Excellent,green
3860f7c6-f298-4a22-bf27-1d0e2f652236,Direktorat Penta,5,ok,2022-10-09 15:00:39+00,positive,2025-11-12 08:54:31.460817+00,Sunday,7,Excellent,green
c697bfd0-7096-4a35-9885-bc418ef5dae9,neneng hasanah,3,lumayan lah,2022-10-08 09:01:45+00,neutral,2025-11-12 08:54:31.460817+00,Saturday,6,Average,yellow
86392606-5afa-4f8f-b11d-9b6bbcbd2fb5,BETAWI PEJATEN,5,ok banget,2022-10-02 13:41:52+00,positive,2025-11-12 08:54:31.460817+00,Sunday,7,Excellent,green
50b457f7-f601-417e-8d2d-7c485b8b2b4f,Indah Safitri,5,luar biasa,2022-09-30 11:56:08+00,positive,2025-11-12 08:54:31.460817+00,Friday,5,Excellent,green
"0a3bf35d-b0c2-4d46-bbb8-99632f06e25a",izzuddin alqudsy,5,Sangat bermanfaat apk ini untuk rombongan Apalagi satpamnya ramah semua. Dan proses scan juga cepat,2022-09-29 23:19:24+00,positive,2025-11-12 08:54:31.460817+00,Thursday,4,Excellent,green
4433fda5-c43a-44e7-86ae-3ec1bec1880e,Ahmad Sofyan,4,"Min serius masa aktif pembelian hanya 2 jam gak 1 hari sesuai dengan tanggal, yah saya beli jam 1 pagi dan akan Expired jam 3 pagi😭",2022-09-28 18:09:41+00,positive,2025-11-12 08:54:31.460817+00,Wednesday,3,Good,green
86d1c230-c861-4e8e-9816-f8c902a93ba6,siska nellisya putri,5,good,2022-09-28 12:10:40+00,positive,2025-11-12 08:54:31.460817+00,Wednesday,3,Excellent,green
"0ebca511-da93-4f60-af0b-6933ee2c7214",Hegel Al Hanan,1,SKEM,2022-09-24 14:37:33+00,negative,2025-11-12 08:54:31.460817+00,Saturday,6,Terrible,red
9926d25b-7dce-488d-8c53-3f85b5387f37,Agus Tian,5,Mantap,2022-09-23 12:27:23+00,positive,2025-11-12 08:54:31.460817+00,Friday,5,Excellent,green
4adbeb0a-59db-4eb6-8c4b-637ecb3e9005,Arief Hidayat,5,tepat waktu,2022-09-23 01:20:13+00,positive,2025-11-12 08:54:31.460817+00,Friday,5,Excellent,green
f5182bac-ecac-4c7e-9cbf-7bc0970a4fd2,Rahma Dwi Bayuni,5,good,2022-08-10 22:28:50+00,positive,2025-11-12 08:54:31.460817+00,Wednesday,3,Excellent,green
ef81fa10-8fa7-43be-9b79-62fd9f1b4b9e,Igo Kusnaedi,5,bagus.... mantap,2022-08-09 20:41:04+00,positive,2025-11-12 08:54:31.460817+00,Tuesday,2,Excellent,green
a1e1bbfb-906c-488a-9a02-d775c29c5a8f,Hikmah Isnaini,5,👍,2022-08-08 00:03:11+00,positive,2025-11-12 08:54:31.460817+00,Monday,1,Excellent,green
"0b8302d6-c55a-4733-8a20-bc93d0b0c913",Fitri Handayani,1,"Sangat kecewa si dg apk dn pelayanan di wa, tidak memberikan solusi, Saran aja kdpnnya kalau org salah pemilihan tujuan hrs nya bisa di edit, trus kalau tdk di gunakan hrs nya saldo kmbali bukan malah jadi angus, pelayanan di wa hnya mau terima yang nnya saja, kalau compln tdk di tanggapi dn bahkan langsung akhiri percakapan tnpa ada info di si compln nya ... kaya nyesel banget, perasaan dulu yah bisa di ganti tuh tujuan nya skrg malah gak bisa, jujur kecewa banget si smpah",2022-09-21 14:14:46+00,negative,2025-11-12 08:54:31.460817+00,Wednesday,3,Terrible,red
c551e3a4-f0f4-4c38-868b-5a14c0739ab9,Handono Adi Sulistyo,5,"Transportasi massal yang cepat, tepat waktu dan nyaman dan terintegrasi dengan modal transportasi lainnya",2022-09-18 03:15:36+00,positive,2025-11-12 08:54:31.460817+00,Sunday,7,Excellent,green
31fbea9b-2194-4f5d-9d31-df6f06df18df,Efriska amanda Putri,5,👍,2022-09-17 01:52:12+00,positive,2025-11-12 08:54:31.460817+00,Saturday,6,Excellent,green
9ae2484a-07fb-43ea-a89e-5a87507030e0,irma witjaksono,5,terima kasih Zahrah,2022-09-16 00:45:29+00,positive,2025-11-12 08:54:31.460817+00,Friday,5,Excellent,green
7055aef2-a38a-4c83-bc74-5cccf8d2e3ae,Martinus Kristiawan Budirahardjo,5,bagus,2022-09-15 22:41:48+00,positive,2025-11-12 08:54:31.460817+00,Thursday,4,Excellent,green
9112e535-21b0-483c-8b84-04c3b1a93011,Raymond Kaya,4,baik,2022-09-15 12:51:09+00,positive,2025-11-12 08:54:31.460817+00,Thursday,4,Good,green
1d9d0024-ea4e-4678-9a7c-0f19250c4791,Sewaka Budi,2,mosok akun kehapus sendiri,2022-09-14 05:47:49+00,negative,2025-11-12 08:54:31.460817+00,Wednesday,3,Poor,red
dfbfeed9-061b-4efe-b892-7fad04771715,Nanda Rizky,5,baik,2022-09-04 05:32:44+00,positive,2025-11-12 08:54:31.460817+00,Sunday,7,Excellent,green
"0cd62bf0-0034-493f-8a7f-85c3e7528fbf",Oki Kantika Marcusi,5,bagus,2022-09-03 09:47:46+00,positive,2025-11-12 08:54:31.460817+00,Saturday,6,Excellent,green
67d8b70c-9f98-4ef7-ae80-ab85a050f440,Misbahul Huda,5,mantap,2022-08-31 13:16:52+00,positive,2025-11-12 08:54:31.460817+00,Wednesday,3,Excellent,green
61fff3bc-fd55-430a-8f83-ad18f0c83f58,Keisha Sakhi,5,Bagus,2022-08-30 07:40:52+00,positive,2025-11-12 08:54:31.460817+00,Tuesday,2,Excellent,green
dd088811-f850-409a-a0ef-3da8cef75405,Monica Amelia,5,bagusss,2022-08-29 06:23:31+00,positive,2025-11-12 08:54:31.460817+00,Monday,1,Excellent,green
59fdfd21-9a7d-490d-a15a-b5b39bf11deb,Yusuf Akbar,5,mantap aplikasi nya mendukung saat naik MRT,2021-11-20 12:44:09+00,positive,2025-12-04 02:40:44.842332+00,Saturday ,6,Excellent,green
1f811499-8f89-49d5-a2b5-20f974524d08,Annisa Pratiwi,5,"bagus, memudahkan pengguna untuk naik mrt",2021-11-20 05:20:15+00,positive,2025-12-04 02:40:44.842332+00,Saturday ,6,Excellent,green
7fbbc968-9c9e-4378-bc78-8dde4d3a005c,Sabil Nih,5,good,2021-11-16 17:27:12+00,positive,2025-12-04 02:40:44.842332+00,Tuesday  ,2,Excellent,green
1c3f53b8-ed1e-49b9-a638-68371634b829,irna dwi indriani,1,udh daftar tapi harus oerbarui data .. suruh klik setuju tapi ga ada adanya cuma hapus akun . malah jd gabisa dipake. gmna sii.. terus saya mau naik mrt ny gmna kalau bgni,2025-10-20 02:26:15+00,negative,2025-11-12 08:54:31.460817+00,Monday,1,Terrible,red
b62510cc-19b6-4f58-ab1a-20ed7a9edd5e,fiqi nana qania,5,ok,2023-06-25 00:24:17+00,positive,2025-11-12 08:54:31.460817+00,Sunday,7,Excellent,green
"06332c00-8640-420f-a66b-dd431279fbd1",Dimas Octapriyanto,5,cepat aplikasinya,2023-06-21 10:54:58+00,positive,2025-11-12 08:54:31.460817+00,Wednesday,3,Excellent,green
"0e3521b2-d549-470c-9c2b-b2f3d9760174",Septian Bakri,5,sangat baik,2022-12-28 02:48:45+00,positive,2025-11-12 08:54:31.460817+00,Wednesday,3,Excellent,green
da5461fe-03fb-4eb8-9ea6-ff56796e0e3c,M. Rizal Sutan Basa,5,"baru download, belum coba fitur2 nya",2022-12-27 22:58:30+00,positive,2025-11-12 08:54:31.460817+00,Tuesday,2,Excellent,green
e4ea8f6b-516d-44b9-b0ca-ea4d47105e0e,rizky aji,4,Tolong di update di android. Dah di tap scan msk dan sdh 10 mnt blm jg berubah kode keluar. Hrs di refresh dl,2022-08-29 06:15:42+00,positive,2025-11-12 08:54:31.460817+00,Monday,1,Good,green
"07159197-ddab-41b2-8b59-7d64843dd27d",Sannosuke,4,nice,2022-08-27 23:54:13+00,positive,2025-11-12 08:54:31.460817+00,Saturday,6,Good,green
3110616a-c54a-468a-b2d7-c5208c389aae,Rycko Dawson,5,sangat membantu,2022-08-26 06:09:26+00,positive,2025-11-12 08:54:31.460817+00,Friday,5,Excellent,green
255f95d4-780b-4625-9d3c-f8566e7028a8,Purnomo Findira,5,jos,2022-08-25 09:40:31+00,positive,2025-11-12 08:54:31.460817+00,Thursday,4,Excellent,green
7cdb5d66-fc16-4cc9-9396-ed0945bc084e,M Salman Alvarizi Makatita,1,"force close sendiri ga jelas bgt, padahal abis download nyoba bentar lancar ditinggal berapa jam kemudian mulai ga jelas...benerin lah appnya biar ngesupport orang yg mau make transport umum juga,kayak appnya krl tuh bagus",2022-08-11 15:25:09+00,negative,2025-11-12 08:54:31.460817+00,Thursday,4,Terrible,red
2e521ec1-a75d-4d56-91ff-9fc8e667a77b,Hasyim Mulyadi,5,Pelayanan semakin baik,2022-08-07 04:51:22+00,positive,2025-11-12 08:54:31.460817+00,Sunday,7,Excellent,green
510ad1f2-57a4-43f6-9e24-3d307875b5c8,MEI PRASETYO FINALIANTO,5,ok,2022-08-07 04:00:14+00,positive,2025-11-12 08:54:31.460817+00,Sunday,7,Excellent,green
603400e9-7093-49a1-bc1d-4408554471c8,Re Andori,5,Sangat mudah dan cepat,2022-08-06 23:54:24+00,positive,2025-11-12 08:54:31.460817+00,Saturday,6,Excellent,green
f61b213a-e2f4-4659-b8f8-cd0cff53f58a,Jericho Simanjuntak,5,sangat membantu,2022-08-06 07:23:29+00,positive,2025-11-12 08:54:31.460817+00,Saturday,6,Excellent,green
"09b07388-6306-4b4a-bd90-e8705d43f9a3",Rayana Jakasurya,5,Pengalaman pertama pake aplikasi MRT-J sangat memuaskan dan terbantu sekali. Pembelian tiket pun sangat mudah dan QR code tidak bermasalah saat tap in dan tap out stasiun MRT. Petugas di lapangannya pun sangat ramah dan membantu sekali untuk saya dan keluarga yang baru pertama kali naik MRT Jakarta.,2022-08-01 04:34:07+00,positive,2025-11-12 08:54:31.460817+00,Monday,1,Excellent,green
424a6f2c-e86c-4b74-8c4e-354491ffa40f,Tama Lana,5,mantul,2022-07-30 11:31:59+00,positive,2025-11-12 08:54:31.460817+00,Saturday,6,Excellent,green
1ee81926-7ece-44ae-ba69-e6291aa12aa2,Aji 123,5,bagus,2022-07-30 07:44:41+00,positive,2025-11-12 08:54:31.460817+00,Saturday,6,Excellent,green
45e5ddf0-da1a-4fe0-ae7e-93d3ba23ecc5,Jefrichal,5,sangat bermanfaat,2022-07-30 06:28:25+00,positive,2025-11-12 08:54:31.460817+00,Saturday,6,Excellent,green
"05471279-ac35-40d0-a24c-851db03112a0",Harry Puncak,5,baik,2022-07-29 12:46:30+00,positive,2025-11-12 08:54:31.460817+00,Friday,5,Excellent,green
cb5c7eeb-db27-4b2d-bd79-c80c44f9782f,Merlyn Mailuhu,5,sangat bermanfaat tanpa card luar biasa😊❤❤❤,2022-07-27 06:15:25+00,positive,2025-11-12 08:54:31.460817+00,Wednesday,3,Excellent,green
d0cde769-bdd4-458c-b2d2-127a440f2cd2,jansen siregar,5,semoga engga lemot & eror aplikasinya,2022-07-26 11:26:25+00,positive,2025-11-12 08:54:31.460817+00,Tuesday,2,Excellent,green
b6461585-21d5-40d0-8790-b8921de53a7c,nabil el paska,5,bisa kok diakses,2022-07-25 11:45:21+00,positive,2025-11-12 08:54:31.460817+00,Monday,1,Excellent,green
1012938d-d089-4d62-b2fe-29bbe06bbf09,Dzaki DU,5,keren bgt appnya,2022-07-25 08:56:00+00,positive,2025-11-12 08:54:31.460817+00,Monday,1,Excellent,green
d5418994-fca2-4fc3-803b-57f107f0e51e,Muhammad Ilyas,4,ok sih,2022-07-24 22:17:20+00,positive,2025-11-12 08:54:31.460817+00,Sunday,7,Good,green
8c44c91d-6ab0-40a8-9f08-30e4262f55c2,Deni Kamarudin,5,mantap,2022-07-24 13:23:37+00,positive,2025-11-12 08:54:31.460817+00,Sunday,7,Excellent,green
e9551869-9b2c-46ab-a54e-0b586b2720ab,katur Rohman,5,sangt baik,2022-07-13 21:51:06+00,positive,2025-11-12 08:54:31.460817+00,Wednesday,3,Excellent,green
d083f2c9-efb9-4db8-973c-7e1fe647d95e,Rachmat Gunawan,1,"Udah 2x beli tiket dengan gopay. Tiket ga muncul. Beli lagi saldo GO-PAY kepotong 2x, baru muncul tiket menunggu 15 menit. Sangat tidak efisien pake apps ini",2022-07-13 09:48:40+00,negative,2025-11-12 08:54:31.460817+00,Wednesday,3,Terrible,red
61a59812-6aca-4f15-b0d0-066681e2b08c,Fatwa Syihabi,5,mantap,2022-07-13 09:40:17+00,positive,2025-11-12 08:54:31.460817+00,Wednesday,3,Excellent,green
3959b68f-3f5b-420c-b447-708b49cfe0cf,Tien A_ Baqi,5,sangat berguna / membantu aktifitas se hari2 🙏🙏🙏,2022-07-12 12:31:38+00,positive,2025-11-12 08:54:31.460817+00,Tuesday,2,Excellent,green
c1f0c421-e2c5-4f6d-8173-1381f3d55776,Yohanes Arifin,5,excellent,2022-07-12 00:46:45+00,positive,2025-11-12 08:54:31.460817+00,Tuesday,2,Excellent,green
ba4493a1-5685-410d-b445-7a405c94c8c7,Andras Wati,5,bagus,2022-07-11 07:30:09+00,positive,2025-11-12 08:54:31.460817+00,Monday,1,Excellent,green
91aee465-a1dd-49e3-94a6-beaaf807798d,Tuan Tofan12,5,bagus layanan y dan ber cepat sampai tujuan,2022-07-10 12:13:18+00,positive,2025-11-12 08:54:31.460817+00,Sunday,7,Excellent,green
9f1b2e24-6b39-47b9-b34e-6fc853c9b1b1,Budi Setiawan,5,bagus,2022-07-09 17:04:29+00,positive,2025-11-12 08:54:31.460817+00,Saturday,6,Excellent,green
5e919b25-eff3-401d-b8de-5e87ba646524,maulidia agustin,5,menyenangkan sekali bergabung di MRTJ,2022-07-09 09:37:28+00,positive,2025-11-12 08:54:31.460817+00,Saturday,6,Excellent,green
692466b8-07d3-4ca4-b0f5-e8733b5fe954,rudhita adhy saman,5,proses register member pemula copat,2021-11-12 07:46:09+00,positive,2025-12-04 02:40:44.842332+00,Friday   ,5,Excellent,green
45c3e4b3-954a-4433-a436-49a847be590e,noviana rahmawati,5,ok,2021-11-11 11:13:44+00,positive,2025-12-04 02:40:44.842332+00,Thursday ,4,Excellent,green
c276a2bf-3441-4509-a78a-08859ddca27c,Galih Arif A Natsir,5,😉👍,2021-11-06 15:34:02+00,positive,2025-12-04 02:40:44.842332+00,Saturday ,6,Excellent,green
86194a5e-dd85-4e8b-8487-990ccba029a7,Asqalani yosi,2,"Setelah di update jadi ga bisa liat jam kedatangan kereta selanjutnya, menitnya ketutupan",2021-11-03 00:04:36+00,negative,2025-12-04 02:40:44.842332+00,Wednesday,3,Poor,red
20fe644a-190e-42ce-ae92-2366b0d76bfa,Eka Prasetya,3,susah susah gampang masuknya,2021-10-30 13:24:47+00,neutral,2025-12-04 02:40:44.842332+00,Saturday ,6,Average,yellow
5f066eb4-a9a3-4092-a4c9-d734c83e22e9,Andriyan,1,aplikasi payah parah baru download uda daftar masukin pin 2x malah eror mulu...,2025-10-12 13:25:18+00,negative,2025-11-12 08:54:31.460817+00,Sunday,7,Terrible,red
6bd87002-1edd-4572-990f-c69e9698e6b3,raraindira 1403,1,"Hari ini tgl 07/11/23 jam 07.45 error lagi pembayaran dengan metode i-saku, tolonglah di perbaiki. Eror di pagi hari sangat merugikan pengguna.",2023-11-07 00:47:59+00,negative,2025-11-12 08:54:31.460817+00,Tuesday,2,Terrible,red
8e258532-ade3-481f-8934-85e7065a4330,Denny Cnp,1,Uda betul pakai ewalet kaya gopay ovo link malah di apusin. Bisnis sih bisnis tapi bikin susah pengguna MRT,2023-07-02 16:39:17+00,negative,2025-11-12 08:54:31.460817+00,Sunday,7,Terrible,red
dc570a84-78af-4e3a-bf5c-0567515e88cd,dede indah,5,mantap,2023-05-23 08:09:26+00,positive,2025-11-12 08:54:31.460817+00,Tuesday,2,Excellent,green
71d9a74b-1cd5-458b-94bd-d1295be2f618,maryono zulfikar,5,ok,2023-05-22 14:49:57+00,positive,2025-11-12 08:54:31.460817+00,Monday,1,Excellent,green
a4566b0f-aac1-4875-bda6-6e2bcd9ba877,alfia amalia,1,Payah kode otp gamasuk2,2023-04-11 12:53:53+00,negative,2025-11-12 08:54:31.460817+00,Tuesday,2,Terrible,red
44d25328-53f2-4e5a-a20c-c36451704e0b,NardiSun23,5,Kenapa ya di aplikasi MRT ini tidak bisa melihat history perjalan selama 1 bulan?,2022-12-27 07:52:36+00,positive,2025-11-12 08:54:31.460817+00,Tuesday,2,Excellent,green
741bcfe8-cdc3-4f52-9432-e1a9846d93d2,yusuf iskandar nasution,1,"Mau daftar gak bisa bisa, pelayanan publik tapi beli tiket dipaksakan dengan membeli kartu",2022-07-09 08:13:01+00,negative,2025-11-12 08:54:31.460817+00,Saturday,6,Terrible,red
c69dc454-305d-41ad-976b-5c477e42e19a,Nur Syifa Firzania,1,Ga ada otpnya,2022-07-09 07:26:37+00,negative,2025-11-12 08:54:31.460817+00,Saturday,6,Terrible,red
b0d869b8-3101-4f2f-a0ba-5440e097fc18,Adam Suharwan,1,Driver tidak ramah,2022-07-08 08:32:50+00,negative,2025-11-12 08:54:31.460817+00,Friday,5,Terrible,red
81757198-4ef2-497d-869b-c12474d947af,"015_Muhammad Virgiawan",5,⭐⭐⭐⭐⭐,2022-07-06 07:41:09+00,positive,2025-11-12 08:54:31.460817+00,Wednesday,3,Excellent,green
e09f5666-04a9-4889-ac7a-4e0d071763f3,Andri Gustinariandy,5,good,2022-07-06 07:10:28+00,positive,2025-11-12 08:54:31.460817+00,Wednesday,3,Excellent,green
149f8824-1c2b-4e55-810b-a5d961b1bc8d,SulthanDwi Julianto Railfans Daop 1 Jakarta,5,Terimakasih Telah melayani dengan Baik dan Tulus MRT,2022-07-06 03:55:16+00,positive,2025-11-12 08:54:31.460817+00,Wednesday,3,Excellent,green
a6d99b99-9534-4eb7-9ec4-1cf9a46cd010,ranggala affautama,5,mantap,2022-07-04 12:40:48+00,positive,2025-11-12 08:54:31.460817+00,Monday,1,Excellent,green
721e9498-bb44-426f-be79-3e001e4bad9c,rista huzaini,5,"bersih, nyaman, keamanan bagus, semoga aja MRT bisa nambah rute ke banyak kota, seperti ke bogor.",2022-07-04 05:38:01+00,positive,2025-11-12 08:54:31.460817+00,Monday,1,Excellent,green
e48201ff-2e3b-4cf7-8727-fd6cc5cfe835,mul yadi,5,saya masih pemula,2022-07-03 11:41:07+00,positive,2025-11-12 08:54:31.460817+00,Sunday,7,Excellent,green
7d2c2016-52f2-4460-84c9-9f63f675a8a1,Arinta Deapati,5,Baru mau mencoba,2022-07-03 09:41:20+00,positive,2025-11-12 08:54:31.460817+00,Sunday,7,Excellent,green
54d210ab-7a58-4bb7-b283-6c815af0f549,Agus tra lala,1,"saya hanya bisa ketawa hahaha.. setelah daftar dpt point 1000, mau lengkapi data (foto ktp) sll keluar dr aplikasi. saya link kan ke gopay soal pembayaran point langsung 0. saya cek kembali pembayaran, ternyata gopay nya tdk link alias tertulis 0 dan ada iklannya lg, hahaha ini mah apk lucu2an, semoga ada perbaikan. 🙏 maaf aplikasinya saya kasih bintang 1 krn tdk bermaaf bagi saya. saya orang jkt",2022-06-30 06:13:06+00,negative,2025-11-12 08:54:31.460817+00,Thursday,4,Terrible,red
4b9905d6-5b90-48b4-948a-2b152931be81,Andy putra kanaka,5,bagus,2022-06-29 08:12:24+00,positive,2025-11-12 08:54:31.460817+00,Wednesday,3,Excellent,green
28c6658b-a047-4e19-8147-b57c7f02b508,Ishak Nazarudin,5,mantap,2022-06-29 02:18:58+00,positive,2025-11-12 08:54:31.460817+00,Wednesday,3,Excellent,green
7fe74431-1f10-4ab1-a46e-a67fc0f6c06a,Icha Ralca,5,buku yang itu yang yang baru,2022-06-28 02:00:09+00,positive,2025-11-12 08:54:31.460817+00,Tuesday,2,Excellent,green
"0b3d2c28-f7cf-4040-9cd0-6b8f0a1a039a",Andi Iqbal,1,"Aplikasi tidak bisa dibuka 🤦, 1 dulu aja",2022-06-24 23:20:42+00,negative,2025-11-12 08:54:31.460817+00,Friday,5,Terrible,red
cfdb7669-505b-4d26-8ef2-1635732a3a7b,Iwed Ikezer,5,keren,2022-06-22 03:19:40+00,positive,2025-11-12 08:54:31.460817+00,Wednesday,3,Excellent,green
4848f267-c342-4691-92f1-78e49c730e9c,Arimbi,5,bagus,2022-06-22 02:30:40+00,positive,2025-11-12 08:54:31.460817+00,Wednesday,3,Excellent,green
84d1dda2-ba0f-4ada-a66f-f7359baa6ed6,Margareth Property Kaltim,5,belum coba sih tapi unduh dulu. keren aja belajar naik MRT lewat aplikasi bayar juga lewat aplikasi. kita orang daerah coba coba ke Ibukota dengan modal smartphone naik MRT. makasih app MRT J. besok kita coba test,2022-06-21 13:40:02+00,positive,2025-11-12 08:54:31.460817+00,Tuesday,2,Excellent,green
5cddd9c3-736b-4c9a-9210-c200d3419c1d,Jeremia Jehuda Ndoen-Kapelle,5,👍🙏,2022-06-19 10:24:08+00,positive,2025-11-12 08:54:31.460817+00,Sunday,7,Excellent,green
"09052e7b-7ff4-4762-a44b-00c6e00661bf",Prahara Sayekti,5,mantap,2022-06-18 08:53:38+00,positive,2025-11-12 08:54:31.460817+00,Saturday,6,Excellent,green
1486e39a-b1ed-4832-93f4-49bc3134791c,re,5,Good,2022-06-16 17:46:53+00,positive,2025-11-12 08:54:31.460817+00,Thursday,4,Excellent,green
"0f35d130-2b3a-4622-9c92-f42e641289cd",Tuti Subagiya,5,ok,2022-06-14 02:32:56+00,positive,2025-11-12 08:54:31.460817+00,Tuesday,2,Excellent,green
cf3efee8-2cd5-40e3-bf60-df471dd6b174,ary lawu,5,sangat membantu,2022-06-12 04:12:36+00,positive,2025-11-12 08:54:31.460817+00,Sunday,7,Excellent,green
"014723be-0cf8-46eb-946b-42ddab9caa1e",teguh sumantri,5,Aplikasi MRT sangat memudahkan untuk membeli ticket perjalanan Dan informasi status perjalanan juga tersedia,2021-10-28 00:07:42+00,positive,2025-12-04 02:40:44.842332+00,Thursday ,4,Excellent,green
7e4b7a82-76aa-4d71-a01d-a644037e6c48,Bambang Purwanto,5,bagus,2021-10-26 23:34:52+00,positive,2025-12-04 02:40:44.842332+00,Tuesday  ,2,Excellent,green
7228ae68-cabd-4b07-b1c2-21369ba6e273,irma linda,5,Applikasi ya keren..,2021-10-26 13:56:44+00,positive,2025-12-04 02:40:44.842332+00,Tuesday  ,2,Excellent,green
787ac795-8de1-49fd-a002-f27d0cd420f3,Dave Potter,1,"Sampah... habis update malah gag bisa liat jadwal dan mau beli tiket gag bisa, jam sibuk malah error... IT MRT-J DUMB ASS...!!!!",2021-10-26 01:19:03+00,negative,2025-12-04 02:40:44.842332+00,Tuesday  ,2,Terrible,red
ca93288a-314b-43cc-ae58-7ac4f727c065,Apendi Pendy,5,mantap,2021-09-24 09:33:53+00,positive,2025-12-04 02:40:44.842332+00,Friday   ,5,Excellent,green
29f0a913-9ec2-44f2-b3d3-ba0c12d19007,Elsa Dinda,5,good jobs,2021-09-22 16:23:40+00,positive,2025-12-04 02:40:44.842332+00,Wednesday,3,Excellent,green
"0517e680-8879-4b50-bdbf-4a11bc022e5f",Redmi Rudi,5,"Kode refeal : 716605 update, tambahkan alarm kedatangan dan ketika sampai tujuan",2021-08-09 01:40:24+00,positive,2025-12-04 02:40:44.842332+00,Monday   ,1,Excellent,green
8bee848a-6f8f-4828-889e-a24d82808ff9,Lintang Amru,2,"Kocak ga bisa bayar pake ovo,dana,gopay lagi bukannya mempermudah malah memper sulit",2023-11-06 10:58:02+00,negative,2025-11-12 08:54:31.460817+00,Monday,1,Poor,red
3a79ba8f-c11f-4d82-8a7a-a2a68369ef8e,Enjang Saeful Miqdar,5,"baru mau nyoba sihh, bismillahirrahmanirrahim",2023-06-24 12:05:44+00,positive,2025-11-12 08:54:31.460817+00,Saturday,6,Excellent,green
342b8b6e-6378-4ebc-95ed-867315b602ac,Neneng Salbiah,5,trimksh,2023-05-22 02:19:53+00,positive,2025-11-12 08:54:31.460817+00,Monday,1,Excellent,green
"020213ce-8cc0-471c-98db-4638553b19e0",Irfan Sukata,5,👌👍👍💯,2023-04-30 03:18:30+00,positive,2025-11-12 08:54:31.460817+00,Sunday,7,Excellent,green
ac874b94-d78a-4bbf-8d8b-a961d7893c21,Budi Prabu,5,oke pokoke..,2022-12-26 13:07:53+00,positive,2025-11-12 08:54:31.460817+00,Monday,1,Excellent,green
f685d05b-76d5-4ecd-9900-0270818c8016,Ferdy Suwarsa,5,good,2022-11-20 23:06:42+00,positive,2025-11-12 08:54:31.460817+00,Sunday,7,Excellent,green
b7d90c8b-5fb7-4bea-a1c1-491647e6e579,Tegar _2244,5,jokowi thanks,2022-11-20 05:43:25+00,positive,2025-11-12 08:54:31.460817+00,Sunday,7,Excellent,green
792abc11-878d-4b86-8f1a-5c348bbdfe47,Dian Lufi,1,"Aplikasi ini sangat tidak bagus. Ketika daftar, 4 kode yg dikirimkan ke whatsapp tidak pernah terkirim. Lalu coba kirim ulang masih tidak terkirim sampai sekarang, padahal nomor hape sudah benar. Tidak ada notif di email juga.",2022-11-20 04:08:59+00,negative,2025-11-12 08:54:31.460817+00,Sunday,7,Terrible,red
a264d416-2f7d-428e-aa7a-43e8d2ecd4cb,Dea Esanda,1,"Payment gagal terus, padahal Internet lancar",2022-11-18 11:50:09+00,negative,2025-11-12 08:54:31.460817+00,Friday,5,Terrible,red
e87b9cea-d20e-4062-a69f-71aa8a804498,Resty Aprillia,5,nis,2022-06-11 23:54:06+00,positive,2025-11-12 08:54:31.460817+00,Saturday,6,Excellent,green
5b33d2ff-1cd9-49c5-8537-d454391589e1,Reza Muiz,5,good,2022-06-11 12:45:06+00,positive,2025-11-12 08:54:31.460817+00,Saturday,6,Excellent,green
345fd695-6efc-47f0-98b1-eefcf2a48bba,slamet feriyadi,5,bagus,2022-06-11 08:43:35+00,positive,2025-11-12 08:54:31.460817+00,Saturday,6,Excellent,green
9b9497f4-5ae4-4af9-ab6e-0c15d59aad64,Attar Darnis,5,"Aplikasi sangat bagus, memudahkan saya melakukan perjalanan ke Jakarta.. 😃😄",2022-06-08 15:40:33+00,positive,2025-11-12 08:54:31.460817+00,Wednesday,3,Excellent,green
d1a8d62c-7d9a-4d3d-bb03-06e81d2fb523,GUNAWAN CHAIR,4,baik,2022-06-08 07:50:51+00,positive,2025-11-12 08:54:31.460817+00,Wednesday,3,Good,green
265db3de-3f7f-41a4-bd2d-3e28c6103cc6,bima sapta yudha,5,gud,2022-06-04 10:30:09+00,positive,2025-11-12 08:54:31.460817+00,Saturday,6,Excellent,green
aef75f66-825b-4589-9774-5ad93be13d62,Kanda Cane,5,top markotop,2022-06-02 07:41:32+00,positive,2025-11-12 08:54:31.460817+00,Thursday,4,Excellent,green
334a6de9-6780-4d76-80ca-ad35a066bcb1,Rahmat Hidayatullah,4,baik,2022-06-02 06:24:04+00,positive,2025-11-12 08:54:31.460817+00,Thursday,4,Good,green
d0e12c62-ca50-4033-bd8f-6ea99e3bcc3e,ridonovara,5,muantabbb...,2022-06-01 15:36:57+00,positive,2025-11-12 08:54:31.460817+00,Wednesday,3,Excellent,green
9de3d865-2efc-453b-8379-bd79f90d60b2,Nel cedrick,5,Good,2022-05-26 01:55:22+00,positive,2025-11-12 08:54:31.460817+00,Thursday,4,Excellent,green
b3a6a42a-431e-4107-86a4-c1324cc57ba8,Ashidayat Klik,1,"Sekuriti kasar skali negur nya klw tdk pake masker. Sampaikan dengan baik2 aja boss, masker di buka sebentar aja krn sesak aja. Kejadiannya di stasiun dukuh atas BNI",2022-05-24 14:34:46+00,negative,2025-11-12 08:54:31.460817+00,Tuesday,2,Terrible,red
3461539b-426c-46a4-99b8-019e901ccdcb,herman gobai,5,oke,2022-05-12 06:39:46+00,positive,2025-11-12 08:54:31.460817+00,Thursday,4,Excellent,green
5080ca75-11fc-4e27-87b4-d6dab9f306fa,W-TECH24,5,mantap,2022-05-08 10:03:59+00,positive,2025-11-12 08:54:31.460817+00,Sunday,7,Excellent,green
cd252361-8963-4eb9-aebc-3e4e367b2cf1,Hafizh Fahreza Budianto,1,cakepp,2022-05-08 06:38:26+00,negative,2025-11-12 08:54:31.460817+00,Sunday,7,Terrible,red
306adee3-f462-4133-8e03-0c2aaaa924b5,Ratih Kurniawati,5,memudahkan,2022-05-07 03:20:09+00,positive,2025-11-12 08:54:31.460817+00,Saturday,6,Excellent,green
2fd1d447-fc02-4beb-9db2-6320e94ccc36,Riyon Aspan,5,good,2022-05-06 02:03:27+00,positive,2025-11-12 08:54:31.460817+00,Friday,5,Excellent,green
c456a85b-51b5-44b6-8481-88eefbf839fe,Nina damayanti,5,bagus,2022-05-05 04:59:49+00,positive,2025-11-12 08:54:31.460817+00,Thursday,4,Excellent,green
24fe66bd-faf0-483d-b845-58980be8da0e,segamedia nusantara,3,Aplikasi error' ga bs bayar dan pilih stasiun dr malam ktm pagi,2022-05-05 01:42:36+00,neutral,2025-11-12 08:54:31.460817+00,Thursday,4,Average,yellow
974b7beb-7944-4b3b-99a4-1fe524b1546b,Jakita,5,keren,2022-05-03 19:55:24+00,positive,2025-11-12 08:54:31.460817+00,Tuesday,2,Excellent,green
20fc1623-e438-42b0-9fdf-65932e00fe9f,Beni YS,5,Semoga lancar pemakaiannya,2022-05-03 04:49:07+00,positive,2025-11-12 08:54:31.460817+00,Tuesday,2,Excellent,green
f773a9ee-9599-4f20-857c-e49a93fd8174,juned_ rawadenok,5,Mantap,2022-05-02 15:58:42+00,positive,2025-11-12 08:54:31.460817+00,Monday,1,Excellent,green
1d405523-28d4-49d4-b3f0-c7423485cf70,Shendy Adella,1,Mba petugas yg d blok M BCA ngeselin .udah 2x mau masuk di persulit d paksa bli kartu,2022-05-01 10:56:36+00,negative,2025-11-12 08:54:31.460817+00,Sunday,7,Terrible,red
14ca22ce-36c3-4c5a-8d6e-2d7ec5ae1a44,Muji Kurniawan,4,good,2022-04-29 12:50:17+00,positive,2025-11-12 08:54:31.460817+00,Friday,5,Good,green
cf3b0873-1f07-4efc-b104-f0ffcb452d27,MUHAMAD ROJAI ROSAN,4,Jos,2021-08-07 16:45:21+00,positive,2025-12-04 02:40:44.842332+00,Saturday ,6,Good,green
6fafe194-ee17-4e45-99f1-9f0b62831752,Windhy Intanny,5,"bener2 menghemat waktu tenaga, sebelum ada mrt harus berjibaku kejar2 busway dan kereta. makasi MRT 👏🏻👏🏻",2021-07-30 04:27:21+00,positive,2025-12-04 02:40:44.842332+00,Friday   ,5,Excellent,green
5b123479-7f31-4900-99cc-336bc006c6f6,Elmasa laoli,5,bgus,2021-07-28 11:13:19+00,positive,2025-12-04 02:40:44.842332+00,Wednesday,3,Excellent,green
cbb1090c-d509-4817-b43d-7b3203369a85,Nur arifah Hamid,5,sangat baikk sangat ramah,2021-07-27 08:36:31+00,positive,2025-12-04 02:40:44.842332+00,Tuesday  ,2,Excellent,green
d24164e3-bd81-42fc-8f11-830b3c40793a,راما كوسوما,5,sangat membantu & mempermudah perjalanan kita 👍,2021-07-26 04:52:44+00,positive,2025-12-04 02:40:44.842332+00,Monday   ,1,Excellent,green
a7a35d2c-e491-493d-9693-552808144464,Shulthon Maulana,5,Nothing problems.,2021-07-24 10:24:52+00,positive,2025-12-04 02:40:44.842332+00,Saturday ,6,Excellent,green
8253208c-14e6-4532-b20f-4ab8a3a4c578,Sofyan Ahmad,5,"mantap Tranportasi kelas dunia ,serasa seperti di Eropa",2021-07-22 15:14:22+00,positive,2025-12-04 02:40:44.842332+00,Thursday ,4,Excellent,green
fb31c7ea-2cbe-43d1-91e5-e7e04de1d499,Juliana W. De Fretes,5,sangat baik,2021-07-19 19:37:34+00,positive,2025-12-04 02:40:44.842332+00,Monday   ,1,Excellent,green
2e830736-ecc2-400a-a55b-f512cf09b9df,sri ayang,5,bagus,2021-07-19 10:46:57+00,positive,2025-12-04 02:40:44.842332+00,Monday   ,1,Excellent,green
6f28f20b-843f-447b-bd72-7b09afb481c5,berryosis,1,kalau bikin aplikasi yg niat kalo hujan knp harus error terus TDK bisa dibuka ganti pihak ketiga rombak tim IT ini jakarta bukan kota kecil masih banyak tenaga IT yg mumpuni memalukan.,2025-09-09 08:36:07+00,negative,2025-11-12 08:54:31.460817+00,Tuesday,2,Terrible,red
f9498ad3-0115-46b1-a427-1a3f1abd501d,Ixsan Maulana,1,"ke balik milih setasiun buat masuk, udah nyamperin petugasnya buat nanya ini masih bisa di ganti gak, katanya gak bisa, terus bilang itu tanggung jawab sendiri, jadi harus mesen lg -_-. jadinya tiket sebelum gak ke pake sama sekali -_-",2025-08-26 10:08:50+00,negative,2025-11-12 08:54:31.460817+00,Tuesday,2,Terrible,red
edc2bdf0-c7ab-4dc9-95e0-cd37b5ffbf08,Kang Dechan,5,bagus,2023-06-24 10:39:48+00,positive,2025-11-12 08:54:31.460817+00,Saturday,6,Excellent,green
a1fecf2e-5557-4fa2-8c29-5562347e8af3,novihermawan lim,5,good,2023-06-23 02:53:11+00,positive,2025-11-12 08:54:31.460817+00,Friday,5,Excellent,green
8bd2e007-9e1a-4aa2-acce-1f456292cca8,Amalinah Ahmad,5,👍,2023-04-10 14:06:33+00,positive,2025-11-12 08:54:31.460817+00,Monday,1,Excellent,green
d74c5f36-ea12-4c0d-9a72-710f6490e9cd,Reza Herfani,5,Bravo MRT Maju Terus Pantang Mundur Jakarta,2023-03-31 21:21:01+00,positive,2025-11-12 08:54:31.460817+00,Friday,5,Excellent,green
443ac9a5-b5b6-4526-91a9-007b045686d1,Maman Durahman,5,ok,2022-12-23 11:26:14+00,positive,2025-11-12 08:54:31.460817+00,Friday,5,Excellent,green
8a1c6db6-a6f2-4bec-b8d4-1d90299dd6d5,Muhammad Rais,1,Masih banyak bug,2021-07-16 13:44:33+00,negative,2025-12-04 02:40:44.842332+00,Friday   ,5,Terrible,red
a5809941-924b-48de-bdb4-025bbf7fd60d,Just Wardoyo,1,"Aplikaainya bikin panik.. ""Failed to load server"" selalu aja begitu..",2022-12-22 15:50:33+00,negative,2025-11-12 08:54:31.460817+00,Thursday,4,Terrible,red
"06561d4f-7ce1-468a-a9ee-94039845a872",Eka Purwatiningsih,1,Payah aplikasinya,2022-12-26 12:33:41+00,negative,2025-11-12 08:54:31.460817+00,Monday,1,Terrible,red
"07b89647-aa22-41c0-87e7-38f62d9ed615",Agus Haryanto,5,sangat nyaman untuk menjadi transportasi publik,2022-12-25 07:35:35+00,positive,2025-11-12 08:54:31.460817+00,Sunday,7,Excellent,green
11602d18-e3e1-48d1-a425-3954b0194545,daden Jimmy sandy,5,Good,2022-12-25 05:46:36+00,positive,2025-11-12 08:54:31.460817+00,Sunday,7,Excellent,green
fc85b706-d466-4295-b80a-cd41f5f4df63,Tukang Kuras AIR,5,top,2022-12-22 10:43:50+00,positive,2025-11-12 08:54:31.460817+00,Thursday,4,Excellent,green
175a2f30-1fe0-472e-b63c-f00c3bcc9045,Hendri Hidayat,5,semoga bisa di gunakan aplikasi y.,2022-12-21 14:07:53+00,positive,2025-11-12 08:54:31.460817+00,Wednesday,3,Excellent,green
c2cb9e6f-febd-4ec2-b9b6-ce07301379cc,Dini Kliana,5,top,2022-12-21 12:34:54+00,positive,2025-11-12 08:54:31.460817+00,Wednesday,3,Excellent,green
457a3678-f8ca-41b3-be05-1a09eb18ff09,kamaruddin sellang,1,baik,2022-12-06 08:29:00+00,negative,2025-11-12 08:54:31.460817+00,Tuesday,2,Terrible,red
44878059-3985-48cb-83bf-c7e286998e72,Budi Utomo,5,coba dulu,2022-11-25 13:02:07+00,positive,2025-11-12 08:54:31.460817+00,Friday,5,Excellent,green
e6c151db-ca5f-4301-90d5-8abf5d7d23dc,Muh4mmad aQeil Nasih,5,ok,2022-11-22 16:59:25+00,positive,2025-11-12 08:54:31.460817+00,Tuesday,2,Excellent,green
2971781a-2ffb-4de3-aa8a-2c0f7ab7ce1d,Janghajirohman,5,mantap,2022-11-21 05:36:49+00,positive,2025-11-12 08:54:31.460817+00,Monday,1,Excellent,green
d6732e7f-b436-488d-9349-65ea66b52ba1,Edy Wibowo,5,Jelek,2021-07-15 16:38:43+00,positive,2025-12-04 02:40:44.842332+00,Thursday ,4,Excellent,green
69199a70-46ac-4465-86c5-8e7ed81bfd8d,Nicko Handoko,5,mantap,2021-07-09 11:54:05+00,positive,2025-12-04 02:40:44.842332+00,Friday   ,5,Excellent,green
1414d8cf-8df4-4558-ad91-9a21b17c63a0,Azkia Inayah,5,Tanpa beli kartu bisa menggunakan app ini,2021-07-06 11:20:01+00,positive,2025-12-04 02:40:44.842332+00,Tuesday  ,2,Excellent,green
"0c853884-7ff9-463b-97ed-9d9c941d9c8e",hendra saputra,5,mantap lah,2021-07-06 02:54:19+00,positive,2025-12-04 02:40:44.842332+00,Tuesday  ,2,Excellent,green
99046816-8971-4787-abf9-718ae87867f3,pibeng k,5,Tempatnya bersih dan nyaman. Mantul pokoknya,2021-05-21 12:12:20+00,positive,2025-12-04 02:40:44.842332+00,Friday   ,5,Excellent,green
a8750c86-4c9b-4ad8-a7e9-6f9346302dd9,aa ryu,1,ga bisa top up pake ovo,2021-05-21 11:54:30+00,negative,2025-12-04 02:40:44.842332+00,Friday   ,5,Terrible,red
1754673a-20f8-40f5-893a-9411681d8510,Ayu Nurpadilah,3,semoga bisa membantu yah,2021-05-20 03:42:18+00,neutral,2025-12-04 02:40:44.842332+00,Thursday ,4,Average,yellow
3cd166d5-4313-462e-ade0-6acb9b9ad2a6,Sofyan Wanandi,5,bersih dan nyaman kereta nya,2021-05-18 14:24:05+00,positive,2025-12-04 02:40:44.842332+00,Tuesday  ,2,Excellent,green
3a0b8ea0-3684-47e5-9850-67bac92ab4bd,aas luphi,5,mantab,2021-05-18 10:45:10+00,positive,2025-12-04 02:40:44.842332+00,Tuesday  ,2,Excellent,green
3f5a1047-8898-4cf0-92f8-c77ef7eb9447,jeri purnama,5,sangat membantu,2021-05-18 06:00:37+00,positive,2025-12-04 02:40:44.842332+00,Tuesday  ,2,Excellent,green
663ffe13-f88d-45b8-b01b-70018b18160d,Ernita odilia siburian,3,baru coba nnti kalau bagus kasih 5,2021-05-17 12:56:27+00,neutral,2025-12-04 02:40:44.842332+00,Monday   ,1,Average,yellow
3ae09706-0018-440f-9aca-341ca2827e55,Andika Syafitri,5,"semua nyaa jd serba instan, sukaaa bangett 🥰🥰🥰",2021-05-17 07:16:52+00,positive,2025-12-04 02:40:44.842332+00,Monday   ,1,Excellent,green
74cbae07-eeda-4154-b675-f67e365e7192,Adam Armeny,4,waw,2021-05-11 00:06:59+00,positive,2025-12-04 02:40:44.842332+00,Tuesday  ,2,Good,green
41a3f88e-74ed-4c9f-b580-8d3611347572,Syaiful Anwar,5,aplikasi good,2021-05-04 02:57:04+00,positive,2025-12-04 02:40:44.842332+00,Tuesday  ,2,Excellent,green
25554e41-1541-4721-8b41-d58c08b87d71,TONY,5,Ok,2021-05-10 10:06:21+00,positive,2025-12-04 02:40:44.842332+00,Monday   ,1,Excellent,green
aeeff4a1-873c-48bb-aba4-40252e6041f0,wahyu udin,2,ok,2021-05-07 05:09:50+00,negative,2025-12-04 02:40:44.842332+00,Friday   ,5,Poor,red
9e1f3e12-a56e-478a-bc2c-15d7bf6a6fb9,je ha,4,blm coba,2021-05-07 01:32:27+00,positive,2025-12-04 02:40:44.842332+00,Friday   ,5,Good,green
4105d59a-c82b-4e2c-a2ca-88dd24031def,Dyra Raihan,5,sangat bermanfaat bagi pertama kali menggunakan maupun berhari-hari,2021-05-04 10:26:31+00,positive,2025-12-04 02:40:44.842332+00,Tuesday  ,2,Excellent,green
76ffdce3-f2cd-49bf-aa5b-6c704f001175,Nelson Arianto Channel,5,mantap,2021-04-08 05:08:42+00,positive,2025-12-04 02:40:44.842332+00,Thursday ,4,Excellent,green
"082ad5af-9c82-42a5-82c2-d55381675489",reginae florist,5,kumon,2021-04-03 03:19:37+00,positive,2025-12-04 02:40:44.842332+00,Saturday ,6,Excellent,green
be09e830-f590-4d91-b47e-d125cd756f6f,Ansor Muttaqim,5,"Mantap sangat membantu gk pakai mahal"" belu kartunya",2021-04-02 16:45:47+00,positive,2025-12-04 02:40:44.842332+00,Friday   ,5,Excellent,green
a94a1d56-d5dc-4f5d-aa1b-fec5cc05a32d,Ona Pattipeilohy,5,love,2021-04-02 14:39:19+00,positive,2025-12-04 02:40:44.842332+00,Friday   ,5,Excellent,green
d3201e62-8e81-457e-9c3c-06b03e56553b,Rangga Rully . P,5,good,2021-04-02 12:48:15+00,positive,2025-12-04 02:40:44.842332+00,Friday   ,5,Excellent,green
"0e56cf8f-8eb0-40e1-ba84-e1d36bfad80e",Arie Suwarti,4,sangat membantu.,2021-04-02 11:49:13+00,positive,2025-12-04 02:40:44.842332+00,Friday   ,5,Good,green
1df90e23-66f4-41b7-9587-b8b963287b65,ATA AGUNG TRI ATMOJO,5,ok,2021-04-02 10:41:23+00,positive,2025-12-04 02:40:44.842332+00,Friday   ,5,Excellent,green
c5fcfb49-ec59-4a95-be26-0e71d910b281,livia febriyani,1,aplikasi tdk dapat digunakan,2021-04-02 10:37:12+00,negative,2025-12-04 02:40:44.842332+00,Friday   ,5,Terrible,red
1070301e-f65d-4d30-900a-dbe7f2d620ba,YERRI DWI LESTIANTO,4,coba dulu kalo bagus saya kasih nilai 5,2021-04-02 10:01:41+00,positive,2025-12-04 02:40:44.842332+00,Friday   ,5,Good,green
d19e48c9-4f71-4d80-b3db-025f34744ac6,RIAN TRI UTAMA SAKTI,1,Sangat buruk.sysaj masuk ke aplikasi,2021-04-02 09:35:06+00,negative,2025-12-04 02:40:44.842332+00,Friday   ,5,Terrible,red
9f44b582-ad00-4061-a8b0-572520b66ade,Aditya Eka Pratama,5,bagus,2021-04-02 07:58:29+00,positive,2025-12-04 02:40:44.842332+00,Friday   ,5,Excellent,green
fe2dd504-b889-41de-8056-e77c0e5a081c,Zurriani Andikia,5,ok,2023-01-29 09:12:25+00,positive,2025-11-12 08:54:31.460817+00,Sunday,7,Excellent,green
a5476948-ea79-4c49-bb11-dc72d5c9d762,Leony Illena Geusty,1,"Ngak jelas aplikasinya. Udah install, terus pas mau buat akun kode yg katanya di kirim ke no Hp ngak masuk2. Udah sampai install dan uninstall aplikasi ini 3x, tapi tetap ngak bisa buat akun.",2023-01-17 16:14:35+00,negative,2025-11-12 08:54:31.460817+00,Tuesday,2,Terrible,red
fded6f4b-c99d-4776-8831-668ce2e9a381,meylia Pratama,5,cara jitu menghindari kemacetan,2023-01-16 15:46:11+00,positive,2025-11-12 08:54:31.460817+00,Monday,1,Excellent,green
5aeafadb-0d97-4334-975f-d12ca6550620,Septian Bagus Andriansyah,5,Good,2023-01-12 22:54:33+00,positive,2025-11-12 08:54:31.460817+00,Thursday,4,Excellent,green
525bb811-15fa-43c5-a6c4-c0e3eb082d85,maulansyah pohan,5,Bagus,2023-01-12 05:07:56+00,positive,2025-11-12 08:54:31.460817+00,Thursday,4,Excellent,green
510b57bf-a7bf-4468-887b-fc03b09039e0,Kartini Apriyani,5,"memudahkan untuk yang pertama kali naek mrt , bayarnya bisa pake link aja atau yang lainnya bisa",2023-01-11 14:19:42+00,positive,2025-11-12 08:54:31.460817+00,Wednesday,3,Excellent,green
73dc5b32-e3ac-41c8-a595-0c69e8fe2367,AHMAD JUANDI,5,good,2023-01-01 10:35:07+00,positive,2025-11-12 08:54:31.460817+00,Sunday,7,Excellent,green
801f785c-ad12-4b4d-ac9f-61449b4d9512,Edi Supriyadi,5,semoga bermanfaat,2023-01-01 07:02:58+00,positive,2025-11-12 08:54:31.460817+00,Sunday,7,Excellent,green
"02eaeb78-4828-45e6-8481-e03b9e593014",Nurhasanah SPd,5,easy dan praktis,2022-12-28 05:56:31+00,positive,2025-11-12 08:54:31.460817+00,Wednesday,3,Excellent,green
b7c61eae-3dbb-4769-8546-3f431c41e2cd,Joni Mustopa (Oni),5,mantap dan sangat terbantu dalam otw ( tujuan ),2021-04-01 19:45:24+00,positive,2025-12-04 02:40:44.842332+00,Thursday ,4,Excellent,green
9f15959e-035b-4a51-8720-ba0763b707bf,Sholeh Hamdani,5,sangat bagus,2021-04-01 09:58:20+00,positive,2025-12-04 02:40:44.842332+00,Thursday ,4,Excellent,green
7e2f79d6-e22b-43f6-baf7-0091adfbb049,Tidar Agung,5,mantul,2021-04-01 00:10:54+00,positive,2025-12-04 02:40:44.842332+00,Thursday ,4,Excellent,green
93157aa9-8666-4887-a133-5b67e1815526,GRAND VISIONER,5,bagus,2021-03-31 01:06:00+00,positive,2025-12-04 02:40:44.842332+00,Wednesday,3,Excellent,green
8d86aac9-befa-48e5-a507-3cf27b12351d,THermans,5,"MRT..lux, rapi, bersih,..mantul banget...seperti MRT Singapore. Usul kedepan diperbanyak untuk yg bayar tiketnya pakai fasilitas tidak hanya Link aja, tapi juga OVO, DANA, GOpay..itu aja..dari saya..sukses slalu MRT",2021-03-30 23:10:55+00,positive,2025-12-04 02:40:44.842332+00,Tuesday  ,2,Excellent,green
2654c493-e7b1-4e6a-bc55-5b9f87fb59f0,Fitrian Saputra 24,5,bagus dan bermanfaat,2021-03-30 12:07:17+00,positive,2025-12-04 02:40:44.842332+00,Tuesday  ,2,Excellent,green
5e3d510b-8332-4019-a12d-10732e4d6862,Azizi Rizqullah Deyandra,5,Aplikasi ini sangat bagus dan berguna sekali,2021-03-30 11:21:53+00,positive,2025-12-04 02:40:44.842332+00,Tuesday  ,2,Excellent,green
c08cf67d-d932-4389-81af-b206d4aaa5bf,Awangga Lalang,5,lumayan bagus,2021-03-30 10:30:10+00,positive,2025-12-04 02:40:44.842332+00,Tuesday  ,2,Excellent,green
7b89b45c-1217-4ec9-88ef-17a834d1d8f4,Zahra Nissa,5,keren,2021-03-30 08:44:43+00,positive,2025-12-04 02:40:44.842332+00,Tuesday  ,2,Excellent,green
68466959-6e06-4cca-93fb-019c65448fe5,Ricky Suryadinata,5,"sangat praktis,bagus,cepat",2021-03-29 11:33:41+00,positive,2025-12-04 02:40:44.842332+00,Monday   ,1,Excellent,green
c6403693-ffa3-48e0-b095-2317f94cb86e,Kiki Hikmah Analusia,5,Aplikasinya membantu banget,2021-03-29 09:24:27+00,positive,2025-12-04 02:40:44.842332+00,Monday   ,1,Excellent,green
aa245abd-1e8b-4fc1-94bc-a663508b1ea6,Satria Rizki,5,Sangat membantu pengguna dalam pembayaran untuk naik MRT,2021-03-29 05:35:42+00,positive,2025-12-04 02:40:44.842332+00,Monday   ,1,Excellent,green
"06488fc6-db19-40aa-9d58-7804c82fee71",priwirop inov,5,"pertahankan, kebersihan dan tingkatkan fasilitas di setiap station pemberhentian. Aamiin...",2021-05-09 17:17:34+00,positive,2025-12-04 02:40:44.842332+00,Sunday,7,Excellent,green
fd06c99a-e103-453f-a88d-2554fc54d88c,Mohammad Indra Fadillah,5,Benar benar membantu sebagai etiket buat naik MRT,2021-03-29 05:08:25+00,positive,2025-12-04 02:40:44.842332+00,Monday   ,1,Excellent,green
eb082414-026a-4c11-8b2f-ca0ae257571c,ꦄꦤꦲꦱ ꦄꦏꦃꦩꦝ ꧀ꦱꦱꦱꦲꦠꦃꦱꦃ (ꦄꦤꦤꦲꦱ),2,😒,2021-03-29 05:06:02+00,negative,2025-12-04 02:40:44.842332+00,Monday   ,1,Poor,red
ba8cdd2f-b1da-4e64-92ad-891f7fb3f528,Sdr Sticker,5,mantap,2023-07-02 03:47:11+00,positive,2025-11-12 08:54:31.460817+00,Sunday,7,Excellent,green
b7a6b898-8c73-497d-a13f-eebe8cb44234,Rico Azhari,5,mantaaph dan kereen,2023-06-22 06:27:16+00,positive,2025-11-12 08:54:31.460817+00,Thursday,4,Excellent,green
f83c1fd5-4d89-4e6f-9989-ed923da9aa5b,Ridwan Sang Ayah,1,saat info akan mengirim nomer konfirmasi. hanya memberikan data nomer telepon. HARUSNYA INFOKAN dengan WHATS App,2023-04-09 08:15:53+00,negative,2025-11-12 08:54:31.460817+00,Sunday,7,Terrible,red
903d9fa1-4986-49c8-994c-1135abbf1e76,Ludy Prenggodani channel,5,"keren nieh pakai aplikasi ini, sangat membantu",2023-04-08 01:10:47+00,positive,2025-11-12 08:54:31.460817+00,Saturday,6,Excellent,green
f71d1a1c-aa40-406f-9873-9f08fc3468df,Romi Alvian,4,masih coba2,2023-03-31 12:24:49+00,positive,2025-11-12 08:54:31.460817+00,Friday,5,Good,green
c15af205-29d5-4a17-9774-4f0368bf9d81,Karmawan,5,Keren😎,2023-03-31 09:17:15+00,positive,2025-11-12 08:54:31.460817+00,Friday,5,Excellent,green
"09db29d9-e2a5-4d8b-bf1e-cdb23ed6cd98",adi saputra,1,"Saya ga bisa daftar ke aplikasi, gimana si nyuruh orang beli tiket dan aksesnya pake aplikasi tapi gabisa registrasi, kalo bikin insfastruktur atau fasilitas SATU PAKET dong, jangan setengah setengah.",2023-03-19 13:45:51+00,negative,2025-11-12 08:54:31.460817+00,Sunday,7,Terrible,red
72cbbd2e-de1a-4ff3-9e2b-d2ff9b0b1e75,Enar Ekawati,5,baik,2023-02-04 05:03:58+00,positive,2025-11-12 08:54:31.460817+00,Saturday,6,Excellent,green
57bdaf47-c98b-4012-a01d-0df4f7d063b3,Endy pt,5,mantap,2023-01-31 13:38:29+00,positive,2025-11-12 08:54:31.460817+00,Tuesday,2,Excellent,green
e4e2eddf-1112-437b-88a9-40883d6f9455,Fajar deux alfianto,1,"Login via akun google tidak bisa, daftar akun paa konfirmasi tidak ada sms masuk. Niat gak ya bikin aplikasi?",2023-01-31 10:19:04+00,negative,2025-11-12 08:54:31.460817+00,Tuesday,2,Terrible,red
43bbb0f8-bdd1-4d25-b312-0971848b63d7,Dwi Waluyo,4,🙏😷,2021-03-29 04:07:22+00,positive,2025-12-04 02:40:44.842332+00,Monday   ,1,Good,green
"019b5f68-8f6d-4a72-a801-a592e480e27c",Bagus Jatmiko,1,Mau daftar ngga masuk-masuk no sandi smsnya...tingkatin ya sama permudah yg mau daftar baru,2021-03-23 04:02:30+00,negative,2025-12-04 02:40:44.842332+00,Tuesday  ,2,Terrible,red
8ac3cede-690c-4a0e-b596-70ca799f4a0c,Adi yansyah,1,"Aplikasi ga jelas, saldo udah kepotong, malah eror, niat ga sih ..hadehhh",2021-03-06 08:44:33+00,negative,2025-12-04 02:40:44.842332+00,Saturday ,6,Terrible,red
98a789e4-a163-4887-bd8c-707935936b70,Khasna Nurul Azizah,4,"Mohon diperbaiki lagi sistem tiketnya. Jikalau sudah jam tutup mrt, agar tidak bisa dilakukan transaksi pembelian. Karena saya waktu itu sudah membeli tiket tapi mrt sudah tutup karena jam weekend saat pandemi hanya jam 7 dan saya sudah beli tiket sebelum sampai mrt. Dan banyak yg mengalami dan tiket tidak bisa direfund. Semoga bisa dijadikan masukan dan lebih baik lagi.",2021-01-12 06:22:04+00,positive,2025-12-04 02:40:44.842332+00,Tuesday  ,2,Good,green
526f8201-9f2a-46d4-9e8f-d35f7e0cc51e,Baihaqi Tibet,5,keren,2023-01-30 03:14:53+00,positive,2025-11-12 08:54:31.460817+00,Monday,1,Excellent,green
662eb974-0522-4a19-b1fc-3823d5334226,Risky Tambarta Singarimbun,4,"Bagus, min tapi tambahkan gamenya atau ganti gamenya jgn itu itu terus:( bosennn",2021-01-06 10:59:51+00,positive,2025-12-04 02:40:44.842332+00,Wednesday,3,Good,green
f0df68f1-bd2d-4954-834a-47e6c274a747,Christine Anggel,2,"Udah di update tapi gabisa payment, jadi terlambat. Tolong benahi aplikasinya deh",2021-01-06 04:50:31+00,negative,2025-12-04 02:40:44.842332+00,Wednesday,3,Poor,red
bbfb79bc-6c2a-451e-b708-7a3ed064d65f,Anissa Rasjid,1,Aneh,2020-12-12 11:12:42+00,negative,2025-12-04 02:40:44.842332+00,Saturday ,6,Terrible,red
89ed8201-e024-420d-b730-7b7af0da4a5c,Muhammad Faisal,3,ribet.. harus instal aplikasi segala. dan linknya harus terhubung,2020-12-09 10:43:30+00,neutral,2025-12-04 02:40:44.842332+00,Wednesday,3,Average,yellow
e9fbe710-4cdd-4218-91b0-8a71910270d5,Rifhan Pauzi,1,Ini aplikasi kok ga bisa buat akun ya.. isi email dan nomor telepon yg benar kok gagal buat akun sih,2020-12-03 14:45:20+00,negative,2025-12-04 02:40:44.842332+00,Thursday ,4,Terrible,red
e97aeb0b-22a5-4c0c-a351-5b652b01ee5a,Malika Eliza Rahman,1,Aplikasi terkadang error. Sudah melakukan pembayaran tiket tetapi tidak muncul barcode dan saldo tetap terpotong. Hmm kecewa,2020-12-01 16:41:29+00,negative,2025-12-04 02:40:44.842332+00,Tuesday  ,2,Terrible,red
e27b2223-849f-4e12-b65c-a6dc042c9896,Nisaa,5,Sangat berguna,2020-11-30 10:12:35+00,positive,2025-12-04 02:40:44.842332+00,Monday   ,1,Excellent,green
7b203111-0984-4954-8ebb-0fad764278e4,Andrini Soesilo,1,"aplikasi eror mulu... distasiun blok a ngak bisa dipake sekalinya bisa lemot....selalu dibilang ngk ada internet pdhl wa, youtube yg lain nya bisa. dulu dulu bagus ngak ada hambatan skrg kok berubah",2020-11-19 10:20:33+00,negative,2025-12-04 02:40:44.842332+00,Thursday ,4,Terrible,red
2c2e1227-a104-40e7-a304-09201bf5d4dd,tio purba,1,"Tidak bisa mendaftar,tdk mendapatkan kode verifikasi",2020-08-27 04:51:18+00,negative,2025-12-04 02:40:44.842332+00,Thursday ,4,Terrible,red
13653f62-21f7-40d8-86cb-943255a2f742,Johan Eko,1,"Aplikasinya payah, tidak membantu banget. Udah masukin data bener tetep j g mau.... Proses verifikasi juga ga detil, kenapa sih mesti ke sms g ke email j.",2020-08-26 12:05:01+00,negative,2025-12-04 02:40:44.842332+00,Wednesday,3,Terrible,red
48a4ad93-81a5-43c0-9077-790b9b5c49f6,Bang Idrus,2,"MRT nya luar biasa bagus, nyaman. Tap maaf apk nya ngehe, beli tiket gagal. Eh gak tau nya malah beli tiket 2 kali. Ilang dah gopay ku. Otomatis uninstall",2020-08-19 03:23:43+00,negative,2025-12-04 02:40:44.842332+00,Wednesday,3,Poor,red
226e7a25-dd45-44d8-9ef8-e7cfc1513bb1,ananda tri ramadhanti,1,udh masukin no hp tp ko ga dpt kode verifikasi y?udh diulang berkali2,2020-08-11 13:23:48+00,negative,2025-12-04 02:40:44.842332+00,Tuesday  ,2,Terrible,red
74b230ad-0b91-48c1-bccf-b3d288488439,Ahmada Lano,4,ok,2022-09-26 12:58:35+00,positive,2025-11-12 08:54:31.460817+00,Monday,1,Good,green
c3b95945-95c9-4a61-8703-43f9fd0fcd34,Ryan,1,"Pilihan pembayaran kacau amat. Bukannya ada pilihan pembayaran e-wallet popular kaya gopay, ovo, dana, ini malah pake e-wallet ga jelas yg gatau siapa coba yang punya & pake. Gitu pun pembayaran bank juga ga jelas cuma bisa dari bank entah mana itu, padahal tinggal dibuatin virtual account aja beres bisa transfer semua bang. Kesannya kaya bikin aplikasi ga niat buat mempermudah pengguna tapi yg penting dapet komisi dari vendor aja.",2024-08-10 15:14:35+00,negative,2025-11-12 08:54:31.460817+00,Saturday,6,Terrible,red
3a402cbf-0138-4db3-8387-545e7f6f468e,Mega Wati,5,SEMANGGAT BANG,2024-06-15 15:28:23+00,positive,2025-11-12 08:54:31.460817+00,Saturday,6,Excellent,green
d053729b-9a9c-49d0-819e-d9d5ff3f1039,Gani Septama,1,"Payment channel untuk beli tiket sangat terbatas, metode yg tidak semua orang pakai",2023-07-10 05:48:42+00,negative,2025-11-12 08:54:31.460817+00,Monday,1,Terrible,red
55b965d9-dffa-4c4d-91da-6daaa6e75f8a,Mochamad Fauzi,5,Mantap,2023-05-21 03:29:42+00,positive,2025-11-12 08:54:31.460817+00,Sunday,7,Excellent,green
6d966b06-eec9-4c43-8f07-0089c37982de,Yusup Yusup,5,👍👍👍👍,2023-04-07 14:43:01+00,positive,2025-11-12 08:54:31.460817+00,Friday,5,Excellent,green
8861a7e4-5381-4445-b9b6-351c8a8bc783,Ummu Tsabit,5,cepat nyaman aman,2023-02-02 21:09:33+00,positive,2025-11-12 08:54:31.460817+00,Thursday,4,Excellent,green
"095e6880-323d-409c-8356-54edc40d6ea8",HeruSis,5,bagus,2022-12-26 05:13:24+00,positive,2025-11-12 08:54:31.460817+00,Monday,1,Excellent,green
bf3f19ee-c2e2-4031-a4fc-b02216ddd301,dina Boutique,1,Ribetttttt jangan di persulit donk. Bengkrak lho kalau di persulit gini,2020-08-01 12:26:37+00,negative,2025-12-04 02:40:44.842332+00,Saturday ,6,Terrible,red
d1732dbe-00b4-479e-aa9d-d333d4415a96,리나Queen,1,"Apa banget sih aplikasi ini,, Udh masukin email sma no.hp bner,mlah katanya slah mulu,, Pdhal sring bget naik mrt,berharap ada ini jdi lbih gampang,mlah gak jelas!!!",2020-07-27 18:23:33+00,negative,2025-12-04 02:40:44.842332+00,Monday   ,1,Terrible,red
6a808e41-118b-42bc-a875-21896c5bcead,Hld,5,Memudahkan,2020-07-27 12:10:00+00,positive,2025-12-04 02:40:44.842332+00,Monday   ,1,Excellent,green
3d676979-c3d4-46a6-90f0-469d7bb3f603,Andrew sabaresa barus,5,Mantap,2020-07-27 10:47:52+00,positive,2025-12-04 02:40:44.842332+00,Monday   ,1,Excellent,green
c1b9750a-3fe2-42c5-b785-c0cc38481dff,Iwan Sukses,5,Sudah Bagus,2020-07-24 03:50:58+00,positive,2025-12-04 02:40:44.842332+00,Friday   ,5,Excellent,green
933465ba-32e4-4329-8951-955a039fb1f9,Risash,5,Memudahkan banget buat yg lupa gk bawa kartu emoney. Tinggal tap doang beres. Membantu sekaliii,2020-07-23 08:28:20+00,positive,2025-12-04 02:40:44.842332+00,Thursday ,4,Excellent,green
8f6e3a56-820c-4033-9220-cd4c3e754abc,roy haryadi,1,"Ribet !!! Sistem beli tiket, Kudu nentuin tujuan dulu di app. Ga langsung potong kayak pake e-money. Rikues update berikutnya pake sistem kayak commuterline. Scan masuk gerbang sejumlah saldo otomatis di potong dan sisanya di refund pas keluar gate. Plus tambahin support NFC jadi tinggal tap hp kayak pake emoney.",2020-07-22 20:37:41+00,negative,2025-12-04 02:40:44.842332+00,Wednesday,3,Terrible,red
8371e5f9-15db-45f7-97c8-c6f8f12dca49,Aditya Rahman,2,"Ni gimna gabsa akses, selalu gangguan",2020-07-14 01:16:36+00,negative,2025-12-04 02:40:44.842332+00,Tuesday  ,2,Poor,red
b5410943-6809-4015-813a-f383053ac5c0,Muhammad Rafli Syafei,5,Bagus kok tidak ada kendala,2020-07-13 01:41:46+00,positive,2025-12-04 02:40:44.842332+00,Monday   ,1,Excellent,green
27189803-3e31-4ff3-8a41-3d396baa8d50,Awe Putro,1,"Payah, kalau nggak niat nggak usah buat lah kalau buat gaya""an aja, log in aja susah",2020-07-09 02:49:40+00,negative,2025-12-04 02:40:44.842332+00,Thursday ,4,Terrible,red
33bce819-9b95-495e-a8cd-8b7b2c4e6e67,DARSIN ALI,1,Susahx regist🤣🤣🤣,2020-07-06 17:10:25+00,negative,2025-12-04 02:40:44.842332+00,Monday   ,1,Terrible,red
ebbc793c-1ef2-47cb-829d-7d4725d6fb32,luxy hanjaya,1,Kiranya sistemnya bakal auto potong saldo di ovo ato di dana.. Ini mesti beli dulu tiket perjalanan dan baru bayar pake dana dan ovo.. Repotttt saya tiap hari pulang pergi pake MRT kiranya bisa mempermudah ternyata ga..,2020-06-26 05:46:25+00,negative,2025-12-04 02:40:44.842332+00,Friday   ,5,Terrible,red
938cef6c-0745-4d65-9899-005e47719f6c,Dodi Tunggara,1,"ini aplikasi apa sih .. selalu ""coba lagi"" .. pdhl udah 1 bln dan bbrp kali download tetep aja 👎",2020-06-17 23:32:58+00,negative,2025-12-04 02:40:44.842332+00,Wednesday,3,Terrible,red
c8803a96-4543-4ea2-98f9-63b6d4bf5887,dynna permanasari,1,Aplikasi tidak dapat digunakan,2020-06-16 10:02:09+00,negative,2025-12-04 02:40:44.842332+00,Tuesday  ,2,Terrible,red
"0e025536-b41e-4858-9c6b-d883a827e5e4",iswadi dewantoro,1,Register sangat susah. Email dan nope udah bener tp di bilang salah. Via fb dan twtr juga filed. Trs ini aplikasi gunanya apa,2020-06-12 03:18:05+00,negative,2025-12-04 02:40:44.842332+00,Friday   ,5,Terrible,red
9e083fac-206b-47dc-b4c0-376e2216b8fc,Yudhi Yud Yud,5,"Bagus, tapi bagaimana cara memesan tiket lebih dari satu, masih belum faham",2020-05-29 12:08:20+00,positive,2025-12-04 02:40:44.842332+00,Friday   ,5,Excellent,green
5eff7478-8455-4cec-bc60-eebdb6cc8195,Zulfikar Anggoro,5,.Di Resmikan Oleh Bapak Presiden Republik Indonesia Insinyur Haji Joko Widodo.!!!.,2020-05-20 08:58:18+00,positive,2025-12-04 02:40:44.842332+00,Wednesday,3,Excellent,green
6628b68f-c15d-4b41-8575-657c991ae7ac,Rifqi R,1,Pembayaran nggak ada pake kartu kredit / debit,2020-05-07 11:26:04+00,negative,2025-12-04 02:40:44.842332+00,Thursday ,4,Terrible,red
dcde00dc-acf0-4db5-aeda-8acf88a459ae,Ryan Asianto,1,"tap lupa password, masukkan nomor handphone, sudsh benar tapi tetap dianggap format no handphone yang dimasukkan salah",2020-04-28 12:48:41+00,negative,2025-12-04 02:40:44.842332+00,Tuesday  ,2,Terrible,red
43a27db6-a275-4a3b-9202-f58c1c364f2e,Supri Yono,5,Tetap semangat,2020-04-28 12:24:39+00,positive,2025-12-04 02:40:44.842332+00,Tuesday  ,2,Excellent,green
b8cfcd80-4bed-40c3-b461-d219bc927911,Edison Sihotang,5,OK,2020-07-19 05:26:41+00,positive,2025-12-04 02:40:44.842332+00,Sunday,7,Excellent,green
e26c2225-f49d-4526-b61b-ba07b8a060f4,Nevika Rina,5,terimakasih semua baik,2022-10-20 14:05:45+00,positive,2025-11-12 08:54:31.460817+00,Thursday,4,Excellent,green
c38e02c1-177d-44ba-86f9-68eccb7ae6f1,Uthe Utomo,5,keren,2022-10-16 02:32:47+00,positive,2025-11-12 08:54:31.460817+00,Sunday,7,Excellent,green
b2254f3c-f8a9-4c76-9d11-5b84d2cf7651,Teuku Raziq Fadjrier Fahari,1,Gak bisa bayar pakai Qris.,2025-08-11 16:09:28+00,negative,2025-11-12 08:54:31.460817+00,Monday,1,Terrible,red
da1bdbbb-7a0e-43d3-8b02-21f828e4fd2d,dOnutpillOw,5,"sukaa dari segi pembayaran masih dipermudah seperti kredivo dan dana. untuk liat jadwal kereta juga lebih akurat dan simple dibanding krl, gapernah ngaret selalu ontime, kereta dingin, fasilitas bersih",2025-07-19 09:15:39+00,positive,2025-11-12 08:54:31.460817+00,Saturday,6,Excellent,green
"0978c97f-5b89-47ba-87e8-69ad44a87ea3",Darma Auliadi,5,mntap,2023-04-11 09:59:46+00,positive,2025-11-12 08:54:31.460817+00,Tuesday,2,Excellent,green
fe00382a-2e11-4f26-98d6-3928e3d83cc8,Mas Embot,5,mrtj stasiun BHI mantap,2022-12-23 17:03:33+00,positive,2025-11-12 08:54:31.460817+00,Friday,5,Excellent,green
dbefe8b9-0440-4a6d-a876-11d288287848,Heri Susanto,5,semoga bermanfaat,2022-12-24 17:12:16+00,positive,2025-11-12 08:54:31.460817+00,Saturday,6,Excellent,green
d52e8db1-7604-4509-97a2-6e32ba9a99b4,Ahmad Baehaqi,5,luar biasa,2022-12-24 09:36:49+00,positive,2025-11-12 08:54:31.460817+00,Saturday,6,Excellent,green
8ffbd287-4732-4c36-81f6-6aa1ccc8128c,Hadi Isnaini,5,awesome,2022-12-24 09:20:30+00,positive,2025-11-12 08:54:31.460817+00,Saturday,6,Excellent,green
c002ce13-9e50-4b08-b3e3-a5f750c3690e,Pengguna Google,5,sangat ok,2019-05-17 22:32:14+00,positive,2025-12-04 02:40:44.842332+00,Friday   ,5,Excellent,green
589f3d8a-6f64-4731-94d4-f06e76517259,Pengguna Google,5,anjayyy,2019-05-06 18:01:56+00,positive,2025-12-04 02:40:44.842332+00,Monday   ,1,Excellent,green
957c4a04-0235-4383-ba30-9a693249c32e,Pengguna Google,5,Athir,2019-05-02 07:11:07+00,positive,2025-12-04 02:40:44.842332+00,Thursday ,4,Excellent,green
946a3395-8f4a-4e34-81ae-1efbba218c7b,Pengguna Google,5,lebih baik,2019-04-27 00:00:29+00,positive,2025-12-04 02:40:44.842332+00,Saturday ,6,Excellent,green
c2918cd2-5d9c-4e75-a398-25535297d712,Pengguna Google,5,Bagus Untuk yang suka naik mrt jakarta,2019-05-12 21:37:33+00,positive,2025-12-04 02:40:44.842332+00,Sunday,7,Excellent,green
6816769b-04bb-4bf7-ac6b-c0d22ce1ceed,Pengguna Google,4,kasih estimasi waktu keberangkatan selanjutnya dari setasiun yang dipilih dong,2019-04-14 18:19:47+00,positive,2025-12-04 02:40:44.842332+00,Sunday,7,Good,green
c1dbba04-59ff-43c3-bc27-728b98f550ee,Pengguna Google,5,luar biasa mantap,2019-03-24 12:50:04+00,positive,2025-12-04 02:40:44.842332+00,Sunday,7,Excellent,green
"0a992a8b-cf69-4acb-bba8-c35486785cfe",Pengguna Google,5,Good,2020-04-19 12:25:48+00,positive,2025-12-04 02:40:44.842332+00,Sunday,7,Excellent,green
"00223fb1-f0ff-488d-bdb3-12c0176ff08e",Pengguna Google,3,Belum ada informasi jadwal keberangkatan,2019-09-01 15:22:56+00,neutral,2025-12-04 02:40:44.842332+00,Sunday,7,Average,yellow
14a58729-155d-495b-bcac-e9ba5cc3136c,Siti Hajar,5,keren,2022-07-10 14:13:10+00,positive,2025-11-12 08:54:31.460817+00,Sunday,7,Excellent,green
58d0f8c5-a0aa-4888-afa7-fb9631fe3388,Wahyudi Nugraha,5,aplikasi sangat baik,2022-07-25 13:54:24+00,positive,2025-11-12 08:54:31.460817+00,Monday,1,Excellent,green
fbf52ddb-7f1f-49c7-bbae-5c18d4ff484f,Pengguna Google,3,gak bisa download,2019-04-01 05:16:49+00,neutral,2025-12-04 02:40:44.842332+00,Monday   ,1,Average,yellow
6d9795c4-3425-4158-b1ab-d02edb1cc3da,Pengguna Google,5,terbaik,2019-04-01 02:28:20+00,positive,2025-12-04 02:40:44.842332+00,Monday   ,1,Excellent,green
"0d716dbd-dc44-45c0-a0b4-c04867d5d054",Pengguna Google,1,ribet banget buat beli tiket.,2019-03-30 11:26:14+00,negative,2025-12-04 02:40:44.842332+00,Saturday ,6,Terrible,red
daa4a5ea-2737-4709-a046-5eefab12beda,Pengguna Google,5,bagus dan lancar,2019-03-30 09:41:00+00,positive,2025-12-04 02:40:44.842332+00,Saturday ,6,Excellent,green
5df5e2b0-7d5e-4d75-9129-ffdfcf3fe7a2,Pengguna Google,3,"kyanya ini masih tahap pengembangan deh ,buktinya gue ga bisa enter username ..gpp gue tunggu updatenya deh👍",2019-03-26 15:46:24+00,neutral,2025-12-04 02:40:44.842332+00,Tuesday  ,2,Average,yellow
96ec9450-f64c-4f7b-b8c5-93c9a78a26fe,Pengguna Google,4,ini kenapa malah bikin updatenya buat aplikasi baru 😑. pantesan aja server off yang aplikasi download versi awal,2019-03-25 15:05:09+00,positive,2025-12-04 02:40:44.842332+00,Monday   ,1,Good,green
bc1ae046-8503-4510-a04d-610fc9d39f3b,Pengguna Google,5,bagus sekali perjalanan lebih cepat,2019-03-25 12:04:27+00,positive,2025-12-04 02:40:44.842332+00,Monday   ,1,Excellent,green
"07a902e9-736e-4cc4-8598-a80b764409dd",Pengguna Google,5,"Update lagi dengan alarm kedatangan, alarm keberangkatan dan alarm ketika mau sampai stasiun tujuan",2019-08-24 21:58:39+00,positive,2025-12-04 02:40:44.842332+00,Saturday ,6,Excellent,green
61e64ace-23a3-4e9c-857a-0c01c434f70a,Pengguna Google,5,Sangat membantu,2019-08-22 01:30:44+00,positive,2025-12-04 02:40:44.842332+00,Thursday ,4,Excellent,green
e1d099b8-a527-4869-bcf0-ff8712a84e41,Velia Permana,1,lemot banget dana di saldo ilang,2025-07-16 08:05:24+00,negative,2025-11-12 08:54:31.460817+00,Wednesday,3,Terrible,red
51b8bf86-1a4a-475e-ac0a-045fff13ab9e,dian sinta,1,Uninstall apknya krna skrg lebih ribet metode pembayaran ewallet sprti ovo dan gopay tidak ada,2023-07-09 14:42:13+00,negative,2025-11-12 08:54:31.460817+00,Sunday,7,Terrible,red
3188af38-c2e3-407f-8c69-33fc71ce0ba9,Ridwan Gold,5,"oke ini, untuk moda transportasinya modern,👍",2023-05-02 06:05:11+00,positive,2025-11-12 08:54:31.460817+00,Tuesday,2,Excellent,green
471f04f0-d3ba-4b71-ad5f-680de9d8780b,Ozay Mahroji,1,mrt kerennn,2023-05-02 02:19:27+00,negative,2025-11-12 08:54:31.460817+00,Tuesday,2,Terrible,red
a1fa219e-9551-4950-aeb6-bf6c5bd6b78c,Evi Yustiani,4,Baru download belum tau lebih banyak. semoga aplikasi ini membantu. mksh,2023-04-30 11:14:10+00,positive,2025-11-12 08:54:31.460817+00,Sunday,7,Good,green
8eedfbaf-2a6c-4460-acf3-ffdc837f5cd2,Maharuddin Asrin Hasihuan,4,Aplikasi yang Bagus untuk mempermudah costumer,2023-04-30 01:25:02+00,positive,2025-11-12 08:54:31.460817+00,Sunday,7,Good,green
b4345f9f-bcfa-415e-8822-80829fc7f5f3,Saskia Putri Irfani,5,ok,2023-04-29 07:02:27+00,positive,2025-11-12 08:54:31.460817+00,Saturday,6,Excellent,green
45dcfa27-62a7-4ea2-8f76-7a657478e44d,Handika Juliarto Soekardji,1,"aplikasi kocak, tidak bisa login dengan google.",2023-04-29 05:49:52+00,negative,2025-11-12 08:54:31.460817+00,Saturday,6,Terrible,red
170ab53c-d6fa-4a2d-9451-3acb655996df,Aryanto,5,Kode otp ga muncul². Udah di ulang² ttp ga bisa.,2023-04-29 00:55:42+00,positive,2025-11-12 08:54:31.460817+00,Saturday,6,Excellent,green
ca95c248-6ac0-42a5-a4ba-340f34a33420,Muhammad Hudan Afriansyah,1,"Tadi saya daftar memakai email dan nomor telepon, ketika sudah dapat kode otp lalu saya masukkan koq gak bisa. Terus saya minta kode otp lagi tiba-tiba aplikasinya ngelag terus dapat kiriman wa otpnya banyak, pas mau daftar lagi register failed, saya gak tahu mau daftar kaya gimana lagi. Akhirnya saya nyerah aja. Saya pikir aplikasi ini tidak ada maintenance nya.",2023-04-20 16:14:38+00,negative,2025-11-12 08:54:31.460817+00,Thursday,4,Terrible,red
dca4a0cd-b064-4c84-8133-3826dd2133d7,Pearcy Amq,5,great,2023-04-19 00:13:36+00,positive,2025-11-12 08:54:31.460817+00,Wednesday,3,Excellent,green
6aae2be7-1e5a-4f23-a0f5-1ce0065fb221,Renseo Gabut,5,"semoga lancar , masih bakal berubah rating kalau ketemu bug",2023-04-11 07:44:36+00,positive,2025-11-12 08:54:31.460817+00,Tuesday,2,Excellent,green
e1943aef-18a5-4072-aacd-5d79d7e7a0d7,Heru Muhammad,1,Sering2 aja ngk bsa diakses. Mau cri kemudahan malah makin sulit,2023-04-10 10:34:55+00,negative,2025-11-12 08:54:31.460817+00,Monday,1,Terrible,red
5eb1029d-a772-45cb-b020-d9e3106cd16b,Budi Tjahyono,4,sementara dulu,2023-04-07 07:12:40+00,positive,2025-11-12 08:54:31.460817+00,Friday,5,Good,green
18124f12-4320-4675-92ee-d2d638fe654e,Istriku Wedding,5,Mafia Boss Nyonya,2023-04-05 08:34:37+00,positive,2025-11-12 08:54:31.460817+00,Wednesday,3,Excellent,green
68d34875-7a84-4449-b416-ec90f2d8b6e7,Sarah Dedy,5,is oke,2022-10-15 10:23:38+00,positive,2025-11-12 08:54:31.460817+00,Saturday,6,Excellent,green
"02ea7519-9818-4fa1-83fa-52aa9f59de77",Andrew M,1,Ngga jelas,2022-09-16 13:52:58+00,negative,2025-11-12 08:54:31.460817+00,Friday,5,Terrible,red
c8884ab9-40af-4fcc-a1ed-9d97c773234b,Kaze Kage,5,Bagus,2022-07-29 14:48:15+00,positive,2025-11-12 08:54:31.460817+00,Friday,5,Excellent,green
c59c3b47-dc44-4530-8eb8-0c7df485a36f,"Eus Bu,u",5,"Eusbu,u ⭐⭐⭐⭐⭐😎😎😎",2022-01-20 06:49:27+00,positive,2025-11-12 08:54:31.460817+00,Thursday,4,Excellent,green
2f82eba1-5312-4769-aa5f-31d2a8854867,Cecep Abdul Rokhman,5,bagus,2022-01-17 13:29:05+00,positive,2025-11-12 08:54:31.460817+00,Monday,1,Excellent,green
872e25fa-ed2e-44a7-9bf5-5a09a7b55e13,Iis masruroh,5,terimakasih,2021-12-12 06:14:38+00,positive,2025-12-04 02:40:44.842332+00,Sunday,7,Excellent,green
7dc0cc05-0080-4a6c-8d44-4c111fd63bb0,Zhaky Basyaiban,3,Hmmmm lumayan,2025-06-05 09:40:27+00,neutral,2025-11-12 08:54:31.460817+00,Thursday,4,Average,yellow
a5fd08c4-898c-4ed8-bfeb-d467dc979c77,Hendri Mardoyo,5,Good Job,2025-05-29 06:25:45+00,positive,2025-11-12 08:54:31.460817+00,Thursday,4,Excellent,green
b3485288-ff10-49ec-b850-81aaa71dea97,Julia Effendi,5,manfaat MRT,2023-06-20 05:42:06+00,positive,2025-11-12 08:54:31.460817+00,Tuesday,2,Excellent,green
22d7032a-6c70-4190-814c-a43a5a082171,budi ikhwan permata,1,"Sistem Teknologinya Sgt Jelek & Tidak Flexible. Account saya di Aplikasi MRT-J , gagal dihubungkan dengan Metode Pembayaran E~Wallet apapun hanya karena Nomor Handphone E-Wallet berbeda dg nomor Account yg trdaftar du MRT-J. Pun jika mau dihapus akun MRT-J tdk bisa. ~ Apliasi belum matang tapi sdh dipasarkan atau go public. Sangat meresahkan..",2023-05-21 00:51:56+00,negative,2025-11-12 08:54:31.460817+00,Sunday,7,Terrible,red
5ac03a5a-8638-49ee-b204-470e82288884,Charles Khu,5,Bermanfaat,2023-05-18 02:36:31+00,positive,2025-11-12 08:54:31.460817+00,Thursday,4,Excellent,green
e7766460-3431-4935-9c9c-7de25f774742,Langgeng Pauzi,5,ok,2023-05-17 15:18:43+00,positive,2025-11-12 08:54:31.460817+00,Wednesday,3,Excellent,green
d4228afb-1e9f-4021-952a-5f028709f746,Des Miati,5,Transportasi umum modern cepat mudah dan murah,2023-05-17 14:38:54+00,positive,2025-11-12 08:54:31.460817+00,Wednesday,3,Excellent,green
fda54327-e73e-4a3b-b09a-bb0582a794d7,Iyus Mulya Fadilah (Iyus),5,Good,2023-05-15 17:54:54+00,positive,2025-11-12 08:54:31.460817+00,Monday,1,Excellent,green
2f3050db-1ae0-4f28-9313-864914ab3b2e,ni wayan putu susilawati,5,keren,2023-05-15 14:36:49+00,positive,2025-11-12 08:54:31.460817+00,Monday,1,Excellent,green
300a6b86-906e-447e-9694-feb8c7ce8c95,Dody Muhamad,5,"aplikasi mudah & simple, trims pak Anies 66",2023-05-15 14:25:44+00,positive,2025-11-12 08:54:31.460817+00,Monday,1,Excellent,green
8589cf75-87d9-4a1f-8b3c-64bcf8d34a4c,Deni Kurniawan,5,ok,2023-05-07 09:38:55+00,positive,2025-11-12 08:54:31.460817+00,Sunday,7,Excellent,green
3f197929-81b8-48aa-abb3-1d22d8c74e03,Tani Romdani,4,barakallohu sangat membantu 🙏,2023-05-06 14:19:37+00,positive,2025-11-12 08:54:31.460817+00,Saturday,6,Good,green
18f997f1-5212-4486-99d1-1c61159c4867,Nurnalita,5,LRT is the best. lancar n sukses utk lrt,2023-05-06 02:42:43+00,positive,2025-11-12 08:54:31.460817+00,Saturday,6,Excellent,green
dc9de6ae-f4c2-45ba-82e9-5172be6c0100,Marpaung Pandapotan,4,bagus,2023-05-05 13:19:19+00,positive,2025-11-12 08:54:31.460817+00,Friday,5,Good,green
d9117297-0c5d-4f84-9255-337961fdcea5,Samuji Muji,5,Top bgt,2023-05-05 07:38:33+00,positive,2025-11-12 08:54:31.460817+00,Friday,5,Excellent,green
94929b21-1bf3-49f5-a87e-4847c39e4c15,Ai Yati,5,mantab,2023-05-03 13:50:16+00,positive,2025-11-12 08:54:31.460817+00,Wednesday,3,Excellent,green
cb8f5c63-0954-4e0d-a662-12219254996b,hendrik firyanto,4,lebih mudah,2023-05-03 13:17:23+00,positive,2025-11-12 08:54:31.460817+00,Wednesday,3,Good,green
689be20e-562c-4df4-bf08-7032d3dc6f78,Kenny Salman,5,ok,2023-05-03 10:37:11+00,positive,2025-11-12 08:54:31.460817+00,Wednesday,3,Excellent,green
7e19cfc7-c050-4106-a964-752202be8d47,Denny Mutakin,5,mantap,2023-05-03 06:39:43+00,positive,2025-11-12 08:54:31.460817+00,Wednesday,3,Excellent,green
f20c4557-7361-4881-92a3-e80494afe866,Simon petrus Hutauruk,5,mantap,2022-09-05 06:46:22+00,positive,2025-11-12 08:54:31.460817+00,Monday,1,Excellent,green
7f75fead-e973-44ec-bd40-a5c298b82efa,Gifton Kambey,5,membantu sekali,2022-01-08 07:01:43+00,positive,2025-11-12 08:54:31.460817+00,Saturday,6,Excellent,green
4e18da09-7271-46ad-a4b9-aa90617a43ec,Abimanyu Mahendra,1,"Tidak ramah pengguna, terlalu sedikit opsi pembayaran tiketnya, aplikasi sering crash, lambat, tidak responsif",2025-05-01 01:53:02+00,negative,2025-11-12 08:54:31.460817+00,Thursday,4,Terrible,red
45fb576b-41ce-4e5f-acc0-f4e7c3460028,Putridephe Putri,1,Ribet ..beli tiket pilih st berangkat dan tujuan. Salah pilih.tiket hangus.,2023-06-19 11:10:30+00,negative,2025-11-12 08:54:31.460817+00,Monday,1,Terrible,red
84ff0fd1-bfab-4769-81f9-70c854b29448,N Dewi Mariana,5,naik MRT supaya tidak macet,2023-06-19 09:58:15+00,positive,2025-11-12 08:54:31.460817+00,Monday,1,Excellent,green
539aa05e-15d0-41fb-9d50-5c50124d125b,emil salim,5,bagus dan memudahkan,2023-06-19 03:06:20+00,positive,2025-11-12 08:54:31.460817+00,Monday,1,Excellent,green
"09e5a575-1df5-4d73-be05-14b0bd00436e",Sigit Pramana,5,MRT Jakarta,2023-06-18 03:54:18+00,positive,2025-11-12 08:54:31.460817+00,Sunday,7,Excellent,green
"09cc6054-73c6-4fa8-a6db-39aa7fb5e934",G. Suwahyo,5,mantap sekali,2023-06-18 03:35:03+00,positive,2025-11-12 08:54:31.460817+00,Sunday,7,Excellent,green
"097cff2f-5e9d-4a6a-9636-a48d7142106c",dewi atni,5,bagus kalo lupa bawa kartu e-money nya,2023-06-16 07:30:57+00,positive,2025-11-12 08:54:31.460817+00,Friday,5,Excellent,green
e30b6411-e618-4354-b1b6-0ede64a326c1,father hood,4,good,2023-06-14 19:07:57+00,positive,2025-11-12 08:54:31.460817+00,Wednesday,3,Good,green
21807cab-a72d-4b98-9755-65135a0b0932,Aisyah Icha,4,bagus,2023-06-13 11:09:03+00,positive,2025-11-12 08:54:31.460817+00,Tuesday,2,Good,green
72ca2ab7-06a5-4314-a03e-c72a968eb6c3,Komar Koswara,5,ok,2023-06-13 09:29:21+00,positive,2025-11-12 08:54:31.460817+00,Tuesday,2,Excellent,green
ac12e5d0-a02e-4246-a793-69d2f493df57,Dodi Brandal,5,jos,2023-06-10 06:10:11+00,positive,2025-11-12 08:54:31.460817+00,Saturday,6,Excellent,green
c005aba9-68d5-4bf6-92f6-3843ec9df7cc,Arvin Kynan Pratama,1,"Tidak dapat terima OTP untuk registrasi, login via Google juga tidak bisa, Aplikasinya juga suka freeze minimal dikasih loading gitu sama FE. Bug critical kok bisa naik production ya.. QA nya kemana, Product Managernya bagaimana",2023-06-09 04:49:38+00,negative,2025-11-12 08:54:31.460817+00,Friday,5,Terrible,red
b8719303-edeb-418f-a6dc-ed244acdd621,Sumarlin Sumarlin,5,mantap,2023-06-01 05:45:28+00,positive,2025-11-12 08:54:31.460817+00,Thursday,4,Excellent,green
c67a4a0c-25ff-4e6a-9a10-c7f08d77f60e,Zikkri Miftahudin,5,good,2023-05-27 04:38:35+00,positive,2025-11-12 08:54:31.460817+00,Saturday,6,Excellent,green
71273b96-3c9f-46a3-abc1-8ce11e6d9610,Muhammad Hasan,1,Kocak,2023-05-27 03:43:15+00,negative,2025-11-12 08:54:31.460817+00,Saturday,6,Terrible,red
d044156c-1b64-4544-b1ec-076e21f9b048,Fikri Ferdiansyah,4,membantu banget apknya,2023-05-25 11:42:56+00,positive,2025-11-12 08:54:31.460817+00,Thursday,4,Good,green
1f0cba24-0491-4998-9749-f77f0e751277,Saleh Fajar Pratama,5,Good,2023-05-25 09:47:37+00,positive,2025-11-12 08:54:31.460817+00,Thursday,4,Excellent,green
f8459386-0525-4283-96f4-89aecdfe9a5c,Irhas Abdul Hadi,5,good,2023-05-24 13:13:47+00,positive,2025-11-12 08:54:31.460817+00,Wednesday,3,Excellent,green
5e6eb3f0-ed49-4722-b299-042f044121ad,Triyoewono Siswardiyanto,5,good,2023-05-24 08:37:55+00,positive,2025-11-12 08:54:31.460817+00,Wednesday,3,Excellent,green
ae74814e-6537-458c-b9e7-2301ee53aac6,Ayat Rohaedy,5,Mantap,2023-04-23 02:05:25+00,positive,2025-11-12 08:54:31.460817+00,Sunday,7,Excellent,green
83aeb9f3-0a7c-4212-88c8-d7e73e94f59e,Anggit Budiarto,5,aplikasi sangat bagus,2023-03-31 05:34:55+00,positive,2025-11-12 08:54:31.460817+00,Friday,5,Excellent,green
eb555e30-50c4-42f1-abf5-b8e971e97a13,Ocky Buniadi Saputra,5,"semua fasilitas oke , hanya sistem e tiket mohon di perbaiki kalau salah di stasiun awal bisa di ganti, oh ya semoga ada promo langganan yg harga nya bisa lebih murah ( bukan voucher belanja seperti sekarang kurang berdampak )",2025-05-26 03:15:17+00,positive,2025-11-12 08:54:31.460817+00,Monday,1,Excellent,green
212809b1-f325-45be-9162-1e67fb296211,Nova Rini,1,"Mrt bukannya lebih baik kok malah down grade sih... Harusnya makin lama customer makin dipermudah dengan accsess untuk menggunakan MRT biar makin banyak yg akan menggunakan transportasi umum, ini kok yg tadi nya kita bisa beli tiket dgn ovo, dana, gopay yg memang sebagian besar masyarakat menggunakannya mulai 1 juli kok malah dihilangkan... Coba belajar dari Commuter malah skrg bisa menggunakan itu ... Jujur kecewa sih.....",2023-07-02 09:00:53+00,negative,2025-11-12 08:54:31.460817+00,Sunday,7,Terrible,red
"09c1145c-90db-4a5a-88aa-cf141f81838d",Faisal Topan,4,mau coba dulu,2023-07-02 07:41:42+00,positive,2025-11-12 08:54:31.460817+00,Sunday,7,Good,green
489a91e5-2f71-4f85-a0de-f4b67145dadc,yoga arizanno,4,kalau bisa gabung 1 aplikasi ke MRL acces donk kebanyakan aplikasi dalam 1 hp,2023-07-02 04:43:55+00,positive,2025-11-12 08:54:31.460817+00,Sunday,7,Good,green
b11cf0a9-7970-4853-b0fb-9fe539245551,Yayan Yanuar,4,good,2023-07-02 04:03:01+00,positive,2025-11-12 08:54:31.460817+00,Sunday,7,Good,green
3021fc3c-4812-450e-852a-90010e56bab6,Rinanto Nanto,5,oke boss,2023-06-25 16:21:49+00,positive,2025-11-12 08:54:31.460817+00,Sunday,7,Excellent,green
ef0a5f61-32c9-4bf0-9a24-eb145b5fa357,Muhammad Ikhsan,1,"Nunggu otp nya lama banget, akhirnya uninstall aja",2023-06-25 15:07:06+00,negative,2025-11-12 08:54:31.460817+00,Sunday,7,Terrible,red
499b5262-b1f2-4309-a5ec-f4ea71244013,Kin Nan,5,ok,2023-06-25 04:58:36+00,positive,2025-11-12 08:54:31.460817+00,Sunday,7,Excellent,green
896982f9-3730-4251-a7c1-61de2f52c3cf,Juan Tambi,5,ok,2023-04-28 10:00:41+00,positive,2025-11-12 08:54:31.460817+00,Friday,5,Excellent,green
d0bc930c-69b1-4436-b6d4-bfaa548ece67,Rahmat Sentuh,5,best,2022-10-08 07:47:49+00,positive,2025-11-12 08:54:31.460817+00,Saturday,6,Excellent,green
7766e271-ee94-4ba6-a363-5a3c867e80de,roedy tjahjanto,5,ok bgt,2022-10-05 16:05:56+00,positive,2025-11-12 08:54:31.460817+00,Wednesday,3,Excellent,green
36a04de7-be71-4279-9f59-284e3625ac9d,Maulida Azzahra,5,great,2022-10-05 08:49:57+00,positive,2025-11-12 08:54:31.460817+00,Wednesday,3,Excellent,green
6afdb927-d2ba-4c0d-998c-37ad2c3ef27f,Rama Putra Cianjur,5,sangat nyaman pelayanan nya memuasan,2022-10-04 02:00:21+00,positive,2025-11-12 08:54:31.460817+00,Tuesday,2,Excellent,green
a71185f6-a433-475b-9425-fd812a6900a5,Achmad Farah Faiz,3,bad ui,2022-10-03 02:15:20+00,neutral,2025-11-12 08:54:31.460817+00,Monday,1,Average,yellow
3d2f8683-8494-4b8f-aafc-a079c041c4c2,Martino Midi,3,Kalau pas scan tiket keluar atau masuk. Scannernya kadang susah mendeteksi,2022-09-04 05:30:09+00,neutral,2025-11-12 08:54:31.460817+00,Sunday,7,Average,yellow
ee6507c3-7f6e-4073-ab45-3ef4eb14bfb0,Uday Uday,1,"Aplikasi apaan sih ini,udah di install,giliran mau masukin kode otp tapi ga di kirim"" kode otp nya 🥱",2023-08-13 16:49:20+00,negative,2025-11-12 08:54:31.460817+00,Sunday,7,Terrible,red
"0cea5683-64a2-4bbe-8b6a-02584aac692e",Mapia Hajima,1,"tolong keterangan pengiriman otp disaat registrasi diperjelas. kalau otp dikirimkan ke whatsapp, ya ditulis kalau dikirimnya ke whatsapp. ini malah ditulis sms, malah masuknya ke whatsapp. gimana sih.",2023-06-04 01:05:09+00,negative,2025-11-12 08:54:31.460817+00,Sunday,7,Terrible,red
da0148e2-153b-49be-b64c-5ae2abea07cc,Ziaul Fahmi,5,pak Anis Rasyid Baswedan terimakasih,2023-06-03 01:16:07+00,positive,2025-11-12 08:54:31.460817+00,Saturday,6,Excellent,green
4bc97456-5ffc-43a1-a1e5-a953b9dc8e78,Ninotrisno Trisno,4,sementara kasih 4 dulu,2023-06-02 15:42:44+00,positive,2025-11-12 08:54:31.460817+00,Friday,5,Good,green
17226ad4-e8ec-47c0-bcfe-d2cf7725749f,Mariati Alvionita,5,good,2023-06-02 04:30:32+00,positive,2025-11-12 08:54:31.460817+00,Friday,5,Excellent,green
a378949b-4862-4b52-999b-f8c2ce9bfa30,ihat 3503,5,makin kereen MRT Jakarta,2023-06-02 00:22:46+00,positive,2025-11-12 08:54:31.460817+00,Friday,5,Excellent,green
ae1a1910-572f-4765-b1c1-453f0bda9f94,Toto Rifanto,5,"terimakasih MRT Jakarta, pelayanan terbaik yang luar biasa. singkatnya HP saya mati di st.Istora Mandiri, dan selalu gagal untuk top up saldo emoney..jadinya mba Cindy (petugas St.Istora Mandiri) menawarkan untuk di charge HPnya selama 10 menit, sudah gitu jaringan di HPku hilang, eh mbanya nawarin untuk Hotspot (karna kalo Wifi st. harus login dulu, lamaaa). alhamdulillah akhirnya jadi bisa pulang karna pelayanannya luar biasa. Angkat mba Cindy jadi organik min, orang baik, pelayananny maksimal",2023-06-01 15:57:26+00,positive,2025-11-12 08:54:31.460817+00,Thursday,4,Excellent,green
966bd698-0813-4f3e-8a7e-d2df5035ff7c,Asan Abadi,5,semoga berkah,2023-05-29 04:07:02+00,positive,2025-11-12 08:54:31.460817+00,Monday,1,Excellent,green
d3513448-199f-4bdb-bc2e-b56ef1b9d935,Reza Zulmi,5,keren,2023-05-28 01:39:17+00,positive,2025-11-12 08:54:31.460817+00,Sunday,7,Excellent,green
8076bf7c-0f23-4b8c-83bd-2050fa42c3aa,yerry kristian,5,naik tingkat,2023-05-03 07:43:30+00,positive,2025-11-12 08:54:31.460817+00,Wednesday,3,Excellent,green
a2d4988f-6068-43b4-a420-97451a762cb9,Novi Setia,5,simple dan gak ribet,2023-05-03 07:06:08+00,positive,2025-11-12 08:54:31.460817+00,Wednesday,3,Excellent,green
e679f7f7-880d-422e-ab70-f8bfd568ada7,Untung Sugiono,1,"aplikasi dengan iklan sangat bar-bar ,buka aplikasi lsg iklan,mo cepetan Mlah buka iklan,ini aplikasi lebih mementingkan iklan daripada pelanggan",2025-05-13 01:14:22+00,negative,2025-11-12 08:54:31.460817+00,Tuesday,2,Terrible,red
d4ea27fa-7e21-43f2-bd2b-a6723d3d6a01,Diah Nari Ratri,1,"Aplikasi apa sih ini, sampai harus minta persetujuan penggunaan data kita, dari data pribadi sampai data keuangan dan data data yang lain, buat apa coba, .. ngga jadi deh, langsung uninstall aja!!",2025-04-20 17:28:13+00,negative,2025-11-12 08:54:31.460817+00,Sunday,7,Terrible,red
91db7037-1aca-437c-92fe-f0340aa4841f,Muhammad Hanif Muttaqin,1,Bikin ribet aja ngilangin metode pembayaran gopay dll.,2023-07-06 04:41:13+00,negative,2025-11-12 08:54:31.460817+00,Thursday,4,Terrible,red
76403738-2648-4c98-bf02-092c840e1633,Panji Pratama,1,"E wallet malah ovo,gopay dkk malah dihapus jadi ribet!",2023-07-06 00:56:54+00,negative,2025-11-12 08:54:31.460817+00,Thursday,4,Terrible,red
2cd85247-d28f-4dcd-b250-e0a1c03bb735,Y. Suryadi,2,"Bikin ribet aja dah, udah bagus bisa bayar pakai Gopay/OVO/Dana.. Ini malah dipersulit alternatif pembayarannya dengan menghilangkan e-wallet itu..",2023-07-05 23:53:32+00,negative,2025-11-12 08:54:31.460817+00,Wednesday,3,Poor,red
6de3fcc6-1161-41fa-a481-0f63ad82a2c7,Nes Sarden,5,ok sangat membantu,2023-07-05 15:43:48+00,positive,2025-11-12 08:54:31.460817+00,Wednesday,3,Excellent,green
400a07b8-7639-412a-9f24-cdf1e455f8a9,chery el,3,coba dulu,2023-07-05 06:04:40+00,neutral,2025-11-12 08:54:31.460817+00,Wednesday,3,Average,yellow
54243e06-5449-4dc4-ad9c-026a81a4eba6,Mari A Kurdi,4,bintang 4 dulu yaa...saya baru download apk ini. dan baru mau coba gunakan MRT. semoga memuaskan,2023-07-05 04:30:34+00,positive,2025-11-12 08:54:31.460817+00,Wednesday,3,Good,green
b3cc136b-f2dc-4d0e-96a6-ebb4ee3d380c,Faisalis,1,Mending dibuat macem KAI Acces yg bisa bayar menggunakan QRIs jadi ga macem2 Dompet digital dipake.,2023-07-04 23:41:58+00,negative,2025-11-12 08:54:31.460817+00,Tuesday,2,Terrible,red
9a4498e8-5f2b-443c-b8e4-97ae28673aaa,Renita handayani,4,untuk sementara ksih bintang 4 dulu jika bgus banget nanti ksih bintang 5,2023-07-04 06:55:15+00,positive,2025-11-12 08:54:31.460817+00,Tuesday,2,Good,green
f13fff04-dcae-406e-8ec5-59fd2afa9ba8,Jacobus Williams,1,"Kesell bngttt udh bagus2 pembayaran bisa melalui dana tpi malah dihapuss, yg ada cuma 2 yg banyak org ga tau... Ngeselin bngtt",2023-07-04 05:09:27+00,negative,2025-11-12 08:54:31.460817+00,Tuesday,2,Terrible,red
cb7f02cc-c9c6-4ce9-bbf6-122700a35ee4,Annisa Satiarani,1,Udah ga bisa bayar pake ovo sama gopay lagi,2023-07-03 06:45:53+00,negative,2025-11-12 08:54:31.460817+00,Monday,1,Terrible,red
75b9757e-d61a-4e28-b234-d03fda3a8e64,Tiara Salsabillah Putri,3,Kemarin msh bisa bayar pake opsi dan dan ovo knp skrng tidak ada opsi pembayaran menggunakan dana dan ovo. Knp hrs pke astra pay,2023-07-03 04:18:44+00,neutral,2025-11-12 08:54:31.460817+00,Monday,1,Average,yellow
8333411d-e8c0-4f09-b107-8f8cdaac4ee8,Rizky Hadi,1,Jadi ga berguna semenjak pembayaran sangat terbatas,2023-07-03 00:30:26+00,negative,2025-11-12 08:54:31.460817+00,Monday,1,Terrible,red
9a489707-eb7e-40ba-9954-7d43301cce7b,Mohamad Tjipto,5,bagus,2023-07-02 19:42:44+00,positive,2025-11-12 08:54:31.460817+00,Sunday,7,Excellent,green
865874ce-5b6a-4c40-bb34-5e66731c7e2b,Richard Cage,5,"oke, tidak perlu antri di stasiun, bisa prepare selama perjalanan, dan pembayaran banyak cara, qr, gopay, dana. memudahkan",2025-04-05 11:03:19+00,positive,2025-11-12 08:54:31.460817+00,Saturday,6,Excellent,green
6c56e8ac-e5a2-4f9a-9267-33c755e394dd,Ripka Marliani,2,heran minta update mulu,2025-03-28 00:54:10+00,negative,2025-11-12 08:54:31.460817+00,Friday,5,Poor,red
93cb5570-ef71-4a18-9554-18c560521b3e,Arc Nareew,1,Aplikasi nya lelet banget,2025-03-10 01:38:27+00,negative,2025-11-12 08:54:31.460817+00,Monday,1,Terrible,red
9109c2b2-fd92-4cff-9814-9e29d78a15e2,Endog Asin,5,ok,2023-11-01 13:49:12+00,positive,2025-11-12 08:54:31.460817+00,Wednesday,3,Excellent,green
c901bee8-2310-472c-a731-e6770791425d,mariana Clara Windy,1,Kenapa ga bisa bayar pake gopay dan ovo lagi. Bukannya dipermudah malah jadi sulit pembayaran tiket nya. Ya udah uninstall aja krn jadi ga kepake lagi aplikasinya,2023-07-13 14:57:55+00,negative,2025-11-12 08:54:31.460817+00,Thursday,4,Terrible,red
14523eea-229c-421f-b26c-e2b0e4083f1d,Novia dwi anggraeni,3,lebih nyaman ketika bisa bayar pakai gopay atau ovo,2023-07-13 08:29:08+00,neutral,2025-11-12 08:54:31.460817+00,Thursday,4,Average,yellow
36a39ba5-4fde-417a-8d4c-5c0923e27c72,Arjunawan Ireng,5,aku ingin menjadi warga jakarta kelas dunia,2023-07-12 12:28:57+00,positive,2025-11-12 08:54:31.460817+00,Wednesday,3,Excellent,green
22496fa1-9aa4-4f60-83cb-e6b2e0010172,Moomoon Ganteng,1,metode pembayaran sangat terbatas. saya ga punya blu atau I saku. TDK bisa pakai,2023-07-12 02:33:10+00,negative,2025-11-12 08:54:31.460817+00,Wednesday,3,Terrible,red
48975dde-ac3e-4270-ade2-40c2c8ac53f4,Dwijo Asmoro,1,Aplikasi gak jelas gak bisa verifikasi no hp,2023-07-11 03:38:18+00,negative,2025-11-12 08:54:31.460817+00,Tuesday,2,Terrible,red
8ddf5d11-d39f-49f8-b500-c7e66ee04e71,Soniastiara Meisa Gulo,1,Per 1 Juli makin dipersulit dan waktunya uninstall karena metode Gopay dan Ovo sudah tidak tersedia..,2023-07-09 11:14:45+00,negative,2025-11-12 08:54:31.460817+00,Sunday,7,Terrible,red
cfa45015-f344-448a-a1c0-78e46d97a35b,Asih Andin,5,terimajasih,2023-07-09 11:08:57+00,positive,2025-11-12 08:54:31.460817+00,Sunday,7,Excellent,green
39b27b8a-e30e-4dca-9c08-601b51a5f48d,Danish Mahes,5,ok,2023-07-09 10:25:22+00,positive,2025-11-12 08:54:31.460817+00,Sunday,7,Excellent,green
bf0567a7-f7ef-4ce3-b453-dc37194c6988,Ferry Mulyawan,5,mantapp,2023-07-07 05:44:05+00,positive,2025-11-12 08:54:31.460817+00,Friday,5,Excellent,green
f8662fb8-7f91-486c-af1e-65c90a3d29a4,Dika Adi Setiawan,1,"Payah makin lama opsi pembayaran semakin sedikit, saya dari awalnya link aja, kemudian link aja tidak ada kemudian saya harus pindah ke gopay, sekarang gopay juga tidak ada, mohon di tingkatkan.",2023-07-07 04:56:23+00,negative,2025-11-12 08:54:31.460817+00,Friday,5,Terrible,red
c8d46fb0-f795-41f4-a514-02003f226a68,Syuqaira El Humaira,1,"udah ber kali2 reset password tetep aja dibilang salah password, heran",2023-07-06 23:32:35+00,negative,2025-11-12 08:54:31.460817+00,Thursday,4,Terrible,red
6a5543e3-c74a-4c21-99f7-484ee86a44c7,Freakie Punchs,5,"Dear MRT-J App Team,Tolong tambahkan fitur history pada fitur cek saldo MRT multi trip.Terima kasih.Semangat terus Team!",2023-07-06 09:01:23+00,positive,2025-11-12 08:54:31.460817+00,Thursday,4,Excellent,green
19a04ac8-2991-4ca1-aba3-fbb89acc46e4,Radhitya Rizki,5,keren,2022-07-03 05:03:54+00,positive,2025-11-12 08:54:31.460817+00,Sunday,7,Excellent,green
ea9f81a1-ccde-4b89-a673-5cc028cefd4a,Wahyu Tanoto,5,mantapss,2022-07-02 06:23:32+00,positive,2025-11-12 08:54:31.460817+00,Saturday,6,Excellent,green
b10c6189-f568-4df6-bbb6-33743dcda63c,Irma,1,kode OTP gak dikirim2 ke WA padahal sinyal uda lancar,2025-02-27 03:19:08+00,negative,2025-11-12 08:54:31.460817+00,Thursday,4,Terrible,red
5ce6fcaa-7709-42da-80e7-96cb97a9f76f,Alex Hermawan,1,"Aplikasi tol0l dikit2 ada notif harus diperbarui, dikit2 ada notif harus diperbarui.. Gblk emang bikin kesel pengguna aja, auto unistall",2025-02-11 02:09:44+00,negative,2025-11-12 08:54:31.460817+00,Tuesday,2,Terrible,red
333e3e35-806a-4ba4-bed3-f520e03e5912,damar wulan,1,Kurang bagus sistem pembayarannya. Harusnya bisa edit nmr gopay atau dana pas mau bayarnya. Karna ga semua org nomor wa/Email singkron ke gopay/dana. Klo bisa jg ada sistem pembayaran virtual account. JD sy uninstall apk ini.,2025-01-26 02:19:25+00,negative,2025-11-12 08:54:31.460817+00,Sunday,7,Terrible,red
da84628d-5901-4ae6-9fbd-9572efdaf1e3,Abiyyu Syafiq,5,Bagus dan nyaman ❤️,2025-01-16 23:55:00+00,positive,2025-11-12 08:54:31.460817+00,Thursday,4,Excellent,green
a063e487-9101-4071-8218-af34934950fd,Windi Dhea Aprilia Sari,1,Disaat mau pembayaran selalu gak bisa. Padahal sinyal full 5g tetep aja cuma muncul layar putih,2025-01-15 07:55:57+00,negative,2025-11-12 08:54:31.460817+00,Wednesday,3,Terrible,red
93016382-e167-4abb-b0b1-50ebe6e99745,My Space And Property,2,Ada yang aneh saat mau beli tiket diminta metode pembayaran nya tapi tidak ada field nya di checkout ataupun saat di set metode pembayaran di profile tidak bisa ewallet atau bank,2023-10-08 04:47:55+00,negative,2025-11-12 08:54:31.460817+00,Sunday,7,Poor,red
"034bc7c9-9559-489a-95c9-30a95d87655f",Ratna Sari,1,"Salah klik beli tiket gabisa refund,,,, parah gabisa cancel pula",2023-10-07 14:20:49+00,negative,2025-11-12 08:54:31.460817+00,Saturday,6,Terrible,red
4cf1632c-f1cd-4762-a428-369279ee49b9,Andi Rahmana Putra,1,Ribet beli tiketnya,2023-10-05 20:09:48+00,negative,2025-11-12 08:54:31.460817+00,Thursday,4,Terrible,red
7d44020f-35fc-4e2e-8a05-45e4c91ce8b4,Ya Na,1,Dulu saya sering pakai ni aplikasi. Tapi semakin di Update semakin mempersulit pengguna. KECEWA.......,2023-10-05 07:38:26+00,negative,2025-11-12 08:54:31.460817+00,Thursday,4,Terrible,red
844ea93f-c16a-4cda-a92f-8efacbf1432d,Zaimatus sa'ida,5,Ok,2023-10-05 06:12:16+00,positive,2025-11-12 08:54:31.460817+00,Thursday,4,Excellent,green
84de0c5a-a367-4bd6-9859-51fd7e3b5f46,Annas “Anu” Amanu,1,"Udah pake e wallet yang biasa aja kayak dulu, sumpah pake astrapay dan isaku susah buat top up.",2023-08-25 17:32:10+00,negative,2025-11-12 08:54:31.460817+00,Friday,5,Terrible,red
532dbb5a-0fae-4b8b-b895-efd24ee03fed,noob gaming,1,Abis update malah jadi makin ribet,2023-08-24 17:27:57+00,negative,2025-11-12 08:54:31.460817+00,Thursday,4,Terrible,red
22a6336d-7033-4c5f-b426-0a3845dbb6e8,reza reza,1,Akun tiba tiba gk bisa dan harus daftar ulang.. Bayar pake e wallet muter terus kaya gansing,2023-08-23 01:12:02+00,negative,2025-11-12 08:54:31.460817+00,Wednesday,3,Terrible,red
d0ae0717-de9e-47ec-9ecd-5e986d38373e,Bondan Ramadhan,3,Aplikasinya bagus tolong dong yang mau daftar akun mrtnya dipermudah soalnya register akunnya suka failed,2023-08-22 16:14:45+00,neutral,2025-11-12 08:54:31.460817+00,Tuesday,2,Average,yellow
cd8aa124-6ecd-407f-86bd-d10ea77f3e1d,Juwaini Juwaini,1,Pembayaran jadi lebih ribet biasanya pake e wallet yg umum ini aneh,2023-08-22 11:48:42+00,negative,2025-11-12 08:54:31.460817+00,Tuesday,2,Terrible,red
"012f8073-01da-4ee5-b6ed-28ce4ead53af",Paijo TV,2,saya orang baru memakai,2023-08-15 09:38:23+00,negative,2025-11-12 08:54:31.460817+00,Tuesday,2,Poor,red
91fd3749-3e10-4587-bd9c-683881cfa765,Sulton Sukadiyu,5,Good-lah,2023-02-11 09:27:46+00,positive,2025-11-12 08:54:31.460817+00,Saturday,6,Excellent,green
e9d2f807-0cb6-4d92-9069-3c89b545d37e,Pengguna Google,5,Bagus,2019-08-18 10:39:05+00,positive,2025-12-04 02:40:44.842332+00,Sunday,7,Excellent,green
3cf86957-8183-483f-b812-7e0e0c314bf8,Pengguna Google,5,membantu informasi jadwal MRT,2019-07-12 03:08:25+00,positive,2025-12-04 02:40:44.842332+00,Friday   ,5,Excellent,green
2ba68dd7-db49-4de6-86dc-83d7cd74ba15,Pengguna Google,5,bagoouuussss 👍,2019-07-05 02:37:00+00,positive,2025-12-04 02:40:44.842332+00,Friday   ,5,Excellent,green
9166767e-2615-4be9-a71a-c80e84e88ffb,Pengguna Google,5,sae pisan jkt aya MRT,2019-07-04 01:35:06+00,positive,2025-12-04 02:40:44.842332+00,Thursday ,4,Excellent,green
854380c7-ba14-48ee-80dc-e0c6f5058724,Pengguna Google,4,"senang setelah ada MRT ke mana"" jadi lebih gampang",2019-06-25 13:27:58+00,positive,2025-12-04 02:40:44.842332+00,Tuesday  ,2,Good,green
a9fe961c-4e45-44e0-906b-81ab2e617bd0,Pengguna Google,3,Cukup bagus Oke mantap,2019-06-01 00:30:34+00,neutral,2025-12-04 02:40:44.842332+00,Saturday ,6,Average,yellow
539e4edb-4e6b-4c78-a95c-43997eae019f,Pengguna Google,5,Mudah2an untuk daerah bekasi cepat rampung. Karena macet terus di tol 😂😂😂😂,2019-05-30 23:09:17+00,positive,2025-12-04 02:40:44.842332+00,Thursday ,4,Excellent,green
587bd422-171c-4c49-ada4-d8972b005ecd,Pengguna Google,5,bagus,2019-05-24 03:32:14+00,positive,2025-12-04 02:40:44.842332+00,Friday   ,5,Excellent,green
56bb155a-8e3d-46ca-bb99-c8be69354730,Pengguna Google,3,bagus tapi infomasi nya belum lengkap. untuk posisi kereta bisa dengan Livestreaming layar occ,2019-05-23 14:54:39+00,neutral,2025-12-04 02:40:44.842332+00,Thursday ,4,Average,yellow
7906d3e9-a2aa-452a-9092-eaea4de0d7bb,Pengguna Google,1,"saat saya klik login, kok langsung login ya? tanpa ada username dan password. apakah aman dan jika ingin cek saldo atau isi ulang jadi tidak tahun ke akun/kartu siapa yang akan masuk? mohon revisi mas. jika memang hanya untuk informasi layaknya mobile apps lainnya yg sejenis untuk halaman depan tak perlu lagi ada button login.",2019-03-25 00:51:28+00,negative,2025-12-04 02:40:44.842332+00,Monday   ,1,Terrible,red
b43b1b7a-12c2-4e60-92ab-efacfcbc18fc,Pengguna Google,5,Bagus!,2019-03-23 20:00:40+00,positive,2025-12-04 02:40:44.842332+00,Saturday ,6,Excellent,green
"05d756fe-e031-4907-8851-e14951592b8c",Pengguna Google,1,sayang sekali pas udh pencet login tp ga bisa masuk,2019-03-22 15:24:17+00,negative,2025-12-04 02:40:44.842332+00,Friday   ,5,Terrible,red
472c4c71-39e1-4d2f-aecd-2411f5c1029f,Pengguna Google,5,Keduax gan 👍,2019-03-22 11:43:19+00,positive,2025-12-04 02:40:44.842332+00,Friday   ,5,Excellent,green
686a0fe4-13b3-4d07-800c-d61be73fca3a,Pengguna Google,5,PERTAMAX gan!,2019-03-22 07:57:03+00,positive,2025-12-04 02:40:44.842332+00,Friday   ,5,Excellent,green
83c2d085-af92-4119-859d-f95bee40bb21,RAVI SYABIL,5,modern transportasi DKI,2021-12-24 13:08:30+00,positive,2025-12-04 02:40:44.842332+00,Friday   ,5,Excellent,green
8cfde2cd-6403-4b0a-83af-8bd7cebbde31,Toto Kuswanto,5,sudah terasa nyaman menggunakan transportasi umum,2021-11-29 14:03:36+00,positive,2025-12-04 02:40:44.842332+00,Monday   ,1,Excellent,green
ee2e50df-96a2-4465-954c-55b0fccf3186,Riyahmi Khan,5,Perubahan adalah wujud untuk kemajuan kesejahteraan masyarakat.,2021-11-29 09:24:15+00,positive,2025-12-04 02:40:44.842332+00,Monday   ,1,Excellent,green
"04440827-1bb4-4eb3-948a-d47d2aff841c",Lakita Doang,1,"Mau daftar aja ga bisa"",,udah bbrpa hari di coba tetep ga bisa daftar juga,,udah di coba di hape dan nomer berbeda,,tapi tetep aja ga bisa!! Aplikasi aneh,,buang"" kuota aja!!!",2023-08-13 16:44:44+00,negative,2025-11-12 08:54:31.460817+00,Sunday,7,Terrible,red
175e5957-c893-4df3-ba44-637828e3c86b,Farah Fairuza,3,"registernya susah, kode yg dikirim gak valid semua",2023-08-12 23:36:07+00,neutral,2025-11-12 08:54:31.460817+00,Saturday,6,Average,yellow
de67c125-d679-4501-b5c2-c60272bbc1b7,daylami firdaus,5,oyi tok,2023-08-12 17:38:10+00,positive,2025-11-12 08:54:31.460817+00,Saturday,6,Excellent,green
eae7571a-ec20-47c5-8fd8-fbdda822ebda,ahmad ibnu faizal,1,"Aplikasi yg awalnya bagus bgt,tapi setelah cuma bisa payment pakek 2 e-wallet ga jelas jadi parah bgt.. mending KLO bisa payment, ini kagak bisa.. trus gimana ?? Kacauuuu",2023-07-28 11:10:15+00,negative,2025-11-12 08:54:31.460817+00,Friday,5,Terrible,red
fc056e16-28d4-4c81-b8cb-d7743f8842b6,Yulli Victoria Purnama,3,Pembayaran yang sekarang susahhh enak yg lama pake gopay atau ovo.,2023-07-27 09:56:04+00,neutral,2025-11-12 08:54:31.460817+00,Thursday,4,Average,yellow
bbfa4573-ee95-45ed-b336-4db07ba7a646,Adhis Media,1,"Terakhir, Baru sebulan yg lalu pakai MRT app, masih ada dana, gopay dll, eh sekarang sudah tidak ada. Ya sudah uninstall.",2023-07-26 14:40:58+00,negative,2025-11-12 08:54:31.460817+00,Wednesday,3,Terrible,red
30e1b7e8-02bd-4a13-90fb-403352c4f49b,Erwinsyah Pasaribu,2,"Kok makin ribet pembayarannya, biasanya bisa pake e wallet skrg udah ga bisa. Tolong dong masa dikasih pilihan e wallet yg jarang orang pake.",2023-07-26 14:31:08+00,negative,2025-11-12 08:54:31.460817+00,Wednesday,3,Poor,red
e184b29b-95f1-4bfe-9022-17edd346760f,Rahma Septi,1,"Gila ya, bisa bisanya pembayaran via gopay diilangin.",2023-07-26 09:18:23+00,negative,2025-11-12 08:54:31.460817+00,Wednesday,3,Terrible,red
1eae0a16-bcd1-438a-b7fb-29af50b57ae1,ade sidqi,3,Dah gak bisa bayar pake Gopay,2023-07-25 06:26:52+00,neutral,2025-11-12 08:54:31.460817+00,Tuesday,2,Average,yellow
4c683bda-ea27-49f9-8906-2f4565781fdd,Andi Sulaimana,5,ok,2023-07-23 03:08:18+00,positive,2025-11-12 08:54:31.460817+00,Sunday,7,Excellent,green
89d744ec-599d-4632-8c74-1b884048f832,Fawn kiee,5,baru daftar,2023-07-22 03:03:40+00,positive,2025-11-12 08:54:31.460817+00,Saturday,6,Excellent,green
d034dbd6-f62e-438c-bc88-c86f6c6e4d9a,raka jamil,1,Bug mulu,2023-07-20 08:10:37+00,negative,2025-11-12 08:54:31.460817+00,Thursday,4,Terrible,red
bef2ba77-f923-4f20-bfda-deedb31f9c95,Rio Dawny,5,Lumayan.,2023-07-19 15:37:32+00,positive,2025-11-12 08:54:31.460817+00,Wednesday,3,Excellent,green
c59e57f9-5d5a-4c2a-91b3-bbb7897af75f,Bocah Ganteng,5,aAplikasinya bagus banget!,2023-07-15 00:50:46+00,positive,2025-11-12 08:54:31.460817+00,Saturday,6,Excellent,green
d71220ad-4f1c-417e-85e2-0e9f0ea1877a,Jon Sip,5,good,2023-07-14 12:26:06+00,positive,2025-11-12 08:54:31.460817+00,Friday,5,Excellent,green
"0f1aaa05-7a0d-451e-a6c9-97a359c4f070",Himawan,1,"Tidak bisa daftar, mentok di otp karna ngak dikirim kirim.",2023-07-14 05:35:43+00,negative,2025-11-12 08:54:31.460817+00,Friday,5,Terrible,red
eada6e2d-2408-4cb1-8aa5-f06fc2e6e426,david khepik,5,mantap joss,2023-07-10 12:26:57+00,positive,2025-11-12 08:54:31.460817+00,Monday,1,Excellent,green
58ca8558-ace2-40c4-85be-3b890fba8053,mhendra,5,suatu kebanggaan,2023-06-03 02:39:48+00,positive,2025-11-12 08:54:31.460817+00,Saturday,6,Excellent,green
6ee1dc93-a5fb-4417-9d51-96be0c35eac8,fajar wahyuningtyas,5,good,2022-05-24 23:40:15+00,positive,2025-11-12 08:54:31.460817+00,Tuesday,2,Excellent,green
d183c41b-eaf8-4639-9bde-cfe48e472ba7,Bincar Halomoan,1,"Tidak berguna nih aplikasi, beli tiket mau pembayaran ga bisa terus",2025-01-05 18:26:53+00,negative,2025-11-12 08:54:31.460817+00,Sunday,7,Terrible,red
db79c685-2483-4a6f-a68e-04c38b0db7b6,Muhammad Said Agil,1,"Gabisa hubungkan ke gopay, dan blu by bca",2025-01-05 18:13:45+00,negative,2025-11-12 08:54:31.460817+00,Sunday,7,Terrible,red
fb2cdfd3-24b3-4cf5-b0ae-f5357caea6fb,David Koswara,5,Fasilitas Transportasi yang Mantap,2024-11-11 15:49:03+00,positive,2025-11-12 08:54:31.460817+00,Monday,1,Excellent,green
baa627d5-ac69-4f8a-8fad-c76e4cf69fa2,Muhammad Fadhil,2,Ni kenapa saya mau bayar mrt jakarta tiba2 data saat ini kosong apa coba!? JELASIN LAH,2023-10-09 00:02:21+00,negative,2025-11-12 08:54:31.460817+00,Monday,1,Poor,red
5fd2eeb1-8396-4104-b34f-21ba4399604c,sherly emrina,1,Payah ...mau bayar aja repot,2023-10-07 23:41:59+00,negative,2025-11-12 08:54:31.460817+00,Saturday,6,Terrible,red
4898c83a-8a65-469f-a2be-510fbefe51b3,Faris Akbar,1,Pembayaran nya dikit parah banget sekarang,2023-07-05 15:00:34+00,negative,2025-11-12 08:54:31.460817+00,Wednesday,3,Terrible,red
8067d079-e709-496f-8904-b7727f539e19,Jesi Bengkulu,5,mantap,2023-06-27 01:53:26+00,positive,2025-11-12 08:54:31.460817+00,Tuesday,2,Excellent,green
ee47e3db-404b-447b-b5b9-c3dbf580bdf5,Eka Meidia,5,mantaap,2023-03-01 10:41:26+00,positive,2025-11-12 08:54:31.460817+00,Wednesday,3,Excellent,green
f34d60c8-4a4b-4c8c-85a7-9806dd015d6a,"Widayati Soetrisno, SE, MM",5,"Sebelumnya saya capek naik turun platform di KRL Jabodetabek dan khalayak yg naik bermacam-macam. Sekarang dg MRT Jakarta sy merasa lebih aman untuk masuk gerbong dg platform yang datar dan penumpang yg sudah lebih memperhatikan kesehatan / prokes dan selevel orang kantoran. Memang di beberapa tujuan, sy harus membayar lebih mahal dg mobil on-line, tetapi perasaan ""secure"" dan ""nyaman"" membuat sy sbg lansia (usia 70 tahun) tidak merasa capek bepergian dg MRT. Terima kasih MRT Jakarta",2022-08-24 16:14:58+00,positive,2025-11-12 08:54:31.460817+00,Wednesday,3,Excellent,green
c922ef1a-e193-4a79-b309-f72a46745645,Ihsan Amri,5,Test dlu pake app ini,2022-08-24 14:08:20+00,positive,2025-11-12 08:54:31.460817+00,Wednesday,3,Excellent,green
439d6136-c7a2-41a2-84ec-db9ba30a4976,putri nadya,2,Salah pilih awal naik ga bisa di edit dan uangnya ga bisa direfund harus beli lagi :(,2022-08-23 11:37:29+00,negative,2025-11-12 08:54:31.460817+00,Tuesday,2,Poor,red
3bbf0d6a-e3eb-48a1-8901-d45991ef9ecc,toto hariyanto,5,ok bgt,2022-08-22 05:01:47+00,positive,2025-11-12 08:54:31.460817+00,Monday,1,Excellent,green
b5995da5-3d9f-4512-9713-c968ad2b1deb,Dedy Septyan,5,is oke,2022-08-20 02:22:19+00,positive,2025-11-12 08:54:31.460817+00,Saturday,6,Excellent,green
4117d4a3-de4b-4535-9056-3915d8846757,Wardono Dono,2,ok,2022-08-17 03:27:38+00,negative,2025-11-12 08:54:31.460817+00,Wednesday,3,Poor,red
a7262038-28ef-49d4-8e60-efd8291544c6,Nadia thulkhusnah,3,"coba dulu, kalo bagus kasih bintang penuh",2021-09-24 15:03:24+00,neutral,2025-12-04 02:40:44.842332+00,Friday   ,5,Average,yellow
47a1172e-da03-44d8-b720-f3756242e5cf,Firas Almalik,5,saya bangga menjadi anak Indonesia,2021-09-09 04:41:13+00,positive,2025-12-04 02:40:44.842332+00,Thursday ,4,Excellent,green
82f74c70-4ffe-4f07-8c38-0db971de0e85,Valen Oktario,5,oke juga,2021-09-06 05:56:19+00,positive,2025-12-04 02:40:44.842332+00,Monday   ,1,Excellent,green
ebc662fe-945a-4da9-936a-28247660d97e,satria diantrans,5,ok,2021-09-04 04:23:31+00,positive,2025-12-04 02:40:44.842332+00,Saturday ,6,Excellent,green
"0230e1dc-1985-4bfd-b906-9e6adb2551ab",Neni Darmayanti,3,"ksh bintang 3 dulu ya, bila bagus baru bintang 5",2021-09-04 00:19:20+00,neutral,2025-12-04 02:40:44.842332+00,Saturday ,6,Average,yellow
198aba69-fa45-418e-909c-91aee133b762,Ilyas Firdaus,5,transportasi bagus,2021-09-03 05:50:00+00,positive,2025-12-04 02:40:44.842332+00,Friday   ,5,Excellent,green
e0006dd7-931f-40a4-a130-43183b1efff0,Muji Rohmatun,4,pelayanan bagus,2021-09-02 13:47:53+00,positive,2025-12-04 02:40:44.842332+00,Thursday ,4,Good,green
73e8ce76-56d4-4b60-8013-c5a0c92ff346,Teuku Billy,5,Sangat bermafaat,2021-09-01 00:31:54+00,positive,2025-12-04 02:40:44.842332+00,Wednesday,3,Excellent,green
9be5966f-66f4-41e8-af2d-0a6db42f1f5d,Abdul Kodir,5,Mantap👍,2021-06-09 19:45:35+00,positive,2025-12-04 02:40:44.842332+00,Wednesday,3,Excellent,green
a9a09d97-564a-48fb-aa61-84af5dc7f079,Said Aqil Muzaqi,5,baik,2021-06-09 14:49:23+00,positive,2025-12-04 02:40:44.842332+00,Wednesday,3,Excellent,green
724bbad9-5761-4e3f-8ac2-a403fa48344d,Sandi Permana Alfarizy,5,ajib,2021-06-09 10:56:34+00,positive,2025-12-04 02:40:44.842332+00,Wednesday,3,Excellent,green
d223434e-e8e4-4cfd-a144-5fa5b626884e,Edwin Otniel,4,good aplikasi,2021-06-09 01:09:34+00,positive,2025-12-04 02:40:44.842332+00,Wednesday,3,Good,green
692cb468-8048-40b7-ae98-c872308be938,taufiq urrahman,5,keren,2021-06-09 00:03:57+00,positive,2025-12-04 02:40:44.842332+00,Wednesday,3,Excellent,green
"03e9fac4-0d14-47f8-946d-80401a3d785d",TRA JOURNEY,5,aplikasi membantu sekali memudahkan pembayaran atau transaksi,2021-06-08 22:56:43+00,positive,2025-12-04 02:40:44.842332+00,Tuesday  ,2,Excellent,green
cf40a93b-1b80-4e23-8a7b-e2e5dd55f0d3,Erie Satrya Rachmanto,5,Thank you,2021-04-08 06:32:34+00,positive,2025-12-04 02:40:44.842332+00,Thursday ,4,Excellent,green
e83158f4-d446-4428-beae-a4d6d508e6c4,yosep sambas,1,Ribet harus minta Code Angka Verifikasi bt Scan Link. Harus nya Seperti KRL simpel Goyang Hp tinggal Scan. Tolong di permudah sistem nya.,2021-02-17 11:11:41+00,negative,2025-12-04 02:40:44.842332+00,Wednesday,3,Terrible,red
b52574e0-1f5a-410b-968f-06b2e40b3fb9,Imbron,5,"Pernah coba2 pake aplikasi ini buat beli tiket, padahal bawa flash waktu itu. Eh ternyata ngebantu juga, lancar, keren 👍",2021-02-11 21:30:51+00,positive,2025-12-04 02:40:44.842332+00,Thursday ,4,Excellent,green
2f9f58b8-a972-468a-8b68-1442c6c85d22,GIL TAURUS,5,sangat bagus dan membantu,2021-04-08 16:47:13+00,positive,2025-12-04 02:40:44.842332+00,Thursday ,4,Excellent,green
eb2fedb0-1dd2-40f7-801d-5be230a71c0c,Pengguna Google,5,نعم،هذ ه bagus,2019-04-01 13:57:18+00,positive,2025-12-04 02:40:44.842332+00,Monday   ,1,Excellent,green
260d8a5d-0722-4492-b7d9-0a8c1d8daf85,Pengguna Google,4,coba dulu ahh,2019-03-30 12:01:22+00,positive,2025-12-04 02:40:44.842332+00,Saturday ,6,Good,green
a68776be-1eb6-4bad-85a0-3e580941d370,Ackmaludin 23,5,"keren,ga nyangka kalo di Indonesia bisa keren",2021-06-06 04:36:07+00,positive,2025-12-04 02:40:44.842332+00,Sunday,7,Excellent,green
222c7216-b891-404e-9590-d8449f3f8d27,Putra Aji Oktavianus,1,Nggak bisa daftar upload id,2024-11-11 02:42:32+00,negative,2025-11-12 08:54:31.460817+00,Monday,1,Terrible,red
12180ce9-41ff-498b-8b3d-a435acf4c1d4,Rafita Purna,3,Uninstall karna ngga bisa bayar pake ov* g*pay lagi 🥲,2023-07-04 00:26:29+00,neutral,2025-11-12 08:54:31.460817+00,Tuesday,2,Average,yellow
30630acd-3b04-43ce-a108-3e5517236c3c,Marup,1,Ga dapet kode otp,2023-06-19 10:40:17+00,negative,2025-11-12 08:54:31.460817+00,Monday,1,Terrible,red
f06bbb33-56b9-46cf-9c32-39b560e4f205,Nur Amalia Rizkita,1,"Cuma minta update melulu, tp lemot parah. Heran.",2023-02-26 11:17:31+00,negative,2025-11-12 08:54:31.460817+00,Sunday,7,Terrible,red
eb622aa6-1109-486b-af26-6acb2d51daee,rhisang Sadewa,1,Tidak bisa re-login. Ganti/reset password malah dibilang salah. Padahal abis reset.,2023-02-26 07:49:40+00,negative,2025-11-12 08:54:31.460817+00,Sunday,7,Terrible,red
e7ad94cb-7930-4311-b7ed-6c2fee71affa,Dapey Jonez,5,sangat membantu,2023-01-01 05:47:28+00,positive,2025-11-12 08:54:31.460817+00,Sunday,7,Excellent,green
d946ceb6-ed8c-4494-bf21-e3ff5c2ede12,Siti Syarifah,5,"bagus , bermanfaat",2022-12-28 01:32:50+00,positive,2025-11-12 08:54:31.460817+00,Wednesday,3,Excellent,green
c5f651f1-fd14-4b55-90c7-04f5f112473a,irsyad hidayatullah,5,ok,2022-08-06 06:25:53+00,positive,2025-11-12 08:54:31.460817+00,Saturday,6,Excellent,green
"0aa42b64-10b4-45e7-b4a1-86dd3367f045",M. Ardiansyah,5,Scan QR masuk/keluar sudah lebih cepat,2022-08-05 13:47:09+00,positive,2025-11-12 08:54:31.460817+00,Friday,5,Excellent,green
"0909c8ed-dd9c-4864-9727-6ae8077f9967",Andikha Oktara,5,bagus,2022-08-04 11:56:55+00,positive,2025-11-12 08:54:31.460817+00,Thursday,4,Excellent,green
6925e039-c2a8-44bf-bee2-f6067d67be4f,Roy Savales Sidabalok,5,Indonesia maju,2022-08-03 06:53:19+00,positive,2025-11-12 08:54:31.460817+00,Wednesday,3,Excellent,green
838dcc59-2100-4523-8d2e-714d2049da79,Muthia Tami,5,Mempermudah hidupku,2022-08-03 02:28:54+00,positive,2025-11-12 08:54:31.460817+00,Wednesday,3,Excellent,green
cfabc2fa-5db1-4898-bb51-4f2fd90f27e0,Faris Zuhair (Farzu),5,Good jop,2022-08-03 02:05:29+00,positive,2025-11-12 08:54:31.460817+00,Wednesday,3,Excellent,green
aea33970-62b2-45f9-8dfa-3516c2f603ed,Endar Pujiadi Saputra,5,Bagus,2022-08-02 07:18:00+00,positive,2025-11-12 08:54:31.460817+00,Tuesday,2,Excellent,green
7b1fae5f-f5a0-45a0-abf7-c201b0c6f38c,Neni Neni,5,MRTJ semoga semakin jaya,2021-11-21 00:32:04+00,positive,2025-12-04 02:40:44.842332+00,Sunday,7,Excellent,green
3eccabbb-6d0b-491e-a83b-c76a9c655cad,Anik Purwaningsih,5,baik,2021-11-14 11:07:19+00,positive,2025-12-04 02:40:44.842332+00,Sunday,7,Excellent,green
9cf9f3f6-c24b-4c6c-99e8-d936b68c671b,Ranu Priatna,5,ok,2021-11-07 04:57:51+00,positive,2025-12-04 02:40:44.842332+00,Sunday,7,Excellent,green
f45b2e14-233c-4f9e-93f1-d42259e31f31,robbi aripin,1,Masih suka forceclose..jelek!,2021-10-31 12:52:37+00,negative,2025-12-04 02:40:44.842332+00,Sunday,7,Terrible,red
c4bac402-d237-4c37-a82f-5046ef6269ad,toifah toip,5,nyaman tp blm pernah coba mrt,2021-08-01 07:40:03+00,positive,2025-12-04 02:40:44.842332+00,Sunday,7,Excellent,green
63cbc3d6-1ac8-4dd9-a563-1179fcc05235,Juhnaeddy fit Indranata,5,aku senang ada Apk MRT jakartatingkat kn and kembangkn,2021-07-18 02:59:38+00,positive,2025-12-04 02:40:44.842332+00,Sunday,7,Excellent,green
cf130214-5f26-4d83-baac-5f20cbad6294,Raditya Haidar,5,ok bgt,2021-07-04 05:57:27+00,positive,2025-12-04 02:40:44.842332+00,Sunday,7,Excellent,green
4a5920c0-926a-4fe4-bca1-2e0678d0491c,Luthfi Wibowo,5,selalu memuaskan naik mrt,2022-08-01 11:59:06+00,positive,2025-11-12 08:54:31.460817+00,Monday,1,Excellent,green
aab4e6f0-6c82-4525-8831-7c803f02c6b7,Agustang,4,blom pernah naik mrt,2022-07-08 01:27:07+00,positive,2025-11-12 08:54:31.460817+00,Friday,5,Good,green
1a35be29-637d-42de-8272-84dc03aa05e2,Fatkurrohman ipb,5,oke,2021-05-23 01:27:53+00,positive,2025-12-04 02:40:44.842332+00,Sunday,7,Excellent,green
fbfce472-ba6c-4c10-bb7c-a20be0d0956f,Dinda,1,"udah sampe 10× lebih daftar di apk ini tapi gabisa2 entah kenapa selalu failed daftarnya, tapi giliran pakai data ibu saya lgsg bisa ini kenapa ya tolong di tingkatkan lg",2021-05-16 17:16:47+00,negative,2025-12-04 02:40:44.842332+00,Sunday,7,Terrible,red
ddaab75d-ad2b-40a5-8270-ddbe724cb0f9,Sinseki 10,4,pak Anies Baswedan 👍,2021-05-09 09:20:49+00,positive,2025-12-04 02:40:44.842332+00,Sunday,7,Good,green
d02743af-cc18-49a9-97cf-dbf7d0727f69,Somantri_ 3030,4,Mau nyoba dulu,2020-05-17 03:58:25+00,positive,2025-12-04 02:40:44.842332+00,Sunday,7,Good,green
53ce482d-ccfa-4c5b-8474-27f637b115ac,7A DIMAS P.D.A,5,Mantap aplikasi mrtnya,2021-01-17 14:09:28+00,positive,2025-12-04 02:40:44.842332+00,Sunday,7,Excellent,green
"02cff386-9999-474c-b799-18760330c315",Meidrik Ousama Binladen,5,"Kereta oke aplikasi interfacenya ok, pertahankan.",2020-12-27 09:52:04+00,positive,2025-12-04 02:40:44.842332+00,Sunday,7,Excellent,green
7f33bc95-eac4-4930-baed-3b7d96032533,Haerullah. Lh.Basith,5,Excellent banget,2020-05-10 11:32:40+00,positive,2025-12-04 02:40:44.842332+00,Sunday,7,Excellent,green
6ef9683d-dbc7-4058-8b3c-a2bfa71a962b,ash a,1,Min. Ini appk masih berfungsi atau tidak? kenapa sering kluar sendiri? Masuk sering gagal registrasi gagal trs skrg masuk malah gagal terus,2020-09-13 13:11:19+00,negative,2025-12-04 02:40:44.842332+00,Sunday,7,Terrible,red
1edfb83d-41b8-47fb-a695-244341f2aede,Marcelino Meliano Putra,5,Sangat mempermudah untuk menaiki mrt 👏👏,2020-08-02 04:17:44+00,positive,2025-12-04 02:40:44.842332+00,Sunday,7,Excellent,green
4c26a0f2-14f3-4fec-aed0-dea7e49f36cd,Muhammad Ridho,1,Lokasi stasiun tidak bisa di liat konektivitas ngak bisa di buka!...,2020-07-26 09:34:38+00,negative,2025-12-04 02:40:44.842332+00,Sunday,7,Terrible,red
fe37b837-4290-4b12-b4c4-3a35d5bd0eec,Subhan Utomo,3,"mestinya modelnya jgn model beli tiket per perjalanan. kalau lgsg potong dari e-wallet ga memungkinkan, sebaiknya dibuat model saldo di app ini, nah tinggal potong saat mau keluar stasiun lwt nfc/QR code. paling enak sih, langsung potong saldo dari e-wallet. tinggal tap in/tap out aja gt.",2020-07-12 04:22:16+00,neutral,2025-12-04 02:40:44.842332+00,Sunday,7,Average,yellow
738f9f8d-aef1-497d-9e94-a825db6f64b6,Pengguna Google,5,sangat membantu,2019-06-09 08:38:55+00,positive,2025-12-04 02:40:44.842332+00,Sunday,7,Excellent,green
5e9d0411-2f02-4e1e-b0e3-42c75dfe7209,Wildan Yusdika,5,Transportasi Publik Modern,2021-11-28 19:29:10+00,positive,2025-12-04 02:40:44.842332+00,Sunday,7,Excellent,green
2804e237-9bc8-4cf3-a257-36e030c25ae1,MUHAMMAD IHSAN ALAMSYAH,5,keren banget sangat membantu...banyak hadiah give awaynya lagi,2021-11-28 12:06:50+00,positive,2025-12-04 02:40:44.842332+00,Sunday,7,Excellent,green
929eb373-9547-4da0-8a08-a8e20839ee01,Melani,5,top,2022-06-21 14:00:16+00,positive,2025-11-12 08:54:31.460817+00,Tuesday,2,Excellent,green
ad1ae3a3-7517-415f-a8ea-a79c54f773e0,Budi Waluyo,1,Daftar minta kode otp g bisa2...dari pagi ampe sore,2023-06-05 09:06:52+00,negative,2025-11-12 08:54:31.460817+00,Monday,1,Terrible,red
8dbddce2-6d0a-461f-818c-9095fb2e3178,Dewi Istati,5,sangat bagus untuk publik,2023-06-04 22:21:20+00,positive,2025-11-12 08:54:31.460817+00,Sunday,7,Excellent,green
20977f90-4d68-45ed-bf3f-2f27e47296e3,Yavvi Adi Nurrahman,5,Terbaik ini sih,2023-05-29 18:40:39+00,positive,2025-11-12 08:54:31.460817+00,Monday,1,Excellent,green
b223628e-d5c9-4d36-9c66-adb54ba75b47,Liliek Prasetyo Widiyono,5,manthaabzzz,2023-05-29 11:17:45+00,positive,2025-11-12 08:54:31.460817+00,Monday,1,Excellent,green
fc6002e7-ec05-4628-b9cf-23d573c0fe47,Anik Sarah,5,naice,2022-12-24 11:34:12+00,positive,2025-11-12 08:54:31.460817+00,Saturday,6,Excellent,green
"084846d0-566d-4d01-9d79-a81b3af4b204",ahbayumarta xiaomi,5,good,2022-07-24 10:05:58+00,positive,2025-11-12 08:54:31.460817+00,Sunday,7,Excellent,green
71279844-b466-4588-9532-7277547e7d88,Chamis Joxi,5,keren lah,2022-07-17 04:32:52+00,positive,2025-11-12 08:54:31.460817+00,Sunday,7,Excellent,green
ec19fac5-ecaf-4a7d-a6e1-274c88dd437b,PT HE Tng,5,ok,2022-07-17 01:24:21+00,positive,2025-11-12 08:54:31.460817+00,Sunday,7,Excellent,green
db0021b6-4dbc-42e6-8d4c-1b25751b650c,Dava Budiharto,5,kuntul,2022-07-16 10:24:27+00,positive,2025-11-12 08:54:31.460817+00,Saturday,6,Excellent,green
3b9bc8f1-8f2f-40e7-8a9a-efbf4341d13d,Dwi Sutarno,4,bagus,2022-07-14 13:41:37+00,positive,2025-11-12 08:54:31.460817+00,Thursday,4,Good,green
408aea8e-d227-48e0-9627-0ec779bc5280,Cici Cikuw,5,"menyenangkan, nyaman, bersih, penjaga jya ramah dan sangat membantu",2021-12-31 02:50:23+00,positive,2025-12-04 02:40:44.842332+00,Friday   ,5,Excellent,green
b2f90664-c6ef-499b-95cc-9b6e58f2eaa9,Daavinc Ok,5,Aplikasinya setiap kali liat jadwal perjalanan selalu kluar sendiri,2021-12-30 10:22:51+00,positive,2025-12-04 02:40:44.842332+00,Thursday ,4,Excellent,green
91c6595f-41a4-4f0c-8cd2-3681d0e5080c,Arif Sardono,5,👍👍,2021-12-29 11:32:19+00,positive,2025-12-04 02:40:44.842332+00,Wednesday,3,Excellent,green
1e4ad7ab-20e0-4aea-80fd-d0a72f228aab,Iban Iban tayo,4,baru mau coba,2021-12-28 13:49:09+00,positive,2025-12-04 02:40:44.842332+00,Tuesday  ,2,Good,green
"09b22406-b340-4291-9f0d-6c22d1c5e9aa",Rian Prasetyo,1,"erooorrrr selalu force close di hp google pixel..sebelum2 nya gak eror, abis update br eror",2021-12-27 11:52:24+00,negative,2025-12-04 02:40:44.842332+00,Monday   ,1,Terrible,red
87bcd3d7-114a-41ca-b7b3-37f214d1ea63,Agustian Dino Pradana,5,bagus,2022-07-14 07:30:34+00,positive,2025-11-12 08:54:31.460817+00,Thursday,4,Excellent,green
247a223c-4ec9-467b-aff2-366ef886e692,Dealer Lampung Motor Listrik & Konversi,5,good aplication,2021-12-25 07:51:55+00,positive,2025-12-04 02:40:44.842332+00,Saturday ,6,Excellent,green
d851b318-458c-445e-9147-46bef56982ac,Muhamad Deny,3,Ada bugs di upload foto dan KTP. Aplikasi auto tertutup.,2021-12-25 03:26:10+00,neutral,2025-12-04 02:40:44.842332+00,Saturday ,6,Average,yellow
9910480e-f4a2-402b-92f8-b505c74490aa,Nurma Yunika,5,good,2021-12-24 16:25:30+00,positive,2025-12-04 02:40:44.842332+00,Friday   ,5,Excellent,green
c6dd4980-1fdc-46f9-bb0c-76a5c19542c3,naufal shidqi,5,bagusss kualitas aplikasinya,2022-06-11 05:29:30+00,positive,2025-11-12 08:54:31.460817+00,Saturday,6,Excellent,green
a796cb99-5cd8-4b52-959b-64de218fc025,Mohammad Soifi,4,waktu digunakan untuk membuka jadwal kereta aplikasi menutup,2022-01-06 09:41:33+00,positive,2025-11-12 08:54:31.460817+00,Thursday,4,Good,green
42432c9f-0516-4e57-ae59-b272714dc1a5,Punksterland Channel,2,Ga bisa connect ke gopay,2022-01-02 05:51:00+00,negative,2025-11-12 08:54:31.460817+00,Sunday,7,Poor,red
b91215b4-8f76-4e21-969d-e6d7af799aa1,Guntur Mahfudi,5,"Mantap, semoga bisa lebih ditingkatkan lagi",2022-01-02 04:33:52+00,positive,2025-11-12 08:54:31.460817+00,Sunday,7,Excellent,green
2fb201cd-30e2-4e34-a82e-ebc605b58913,MY Safrinal,5,bagus,2022-01-02 02:35:36+00,positive,2025-11-12 08:54:31.460817+00,Sunday,7,Excellent,green
c18b75ee-c2a8-4244-9543-3b23d39c8951,suprianto anto,1,"kenapa ya di SM S21, aplikasi ga bisa dibuka sama sekali?",2022-01-01 11:45:13+00,negative,2025-11-12 08:54:31.460817+00,Saturday,6,Terrible,red
4eacba51-845f-4e6c-88b5-3b186552a6dd,Holifah Ipeh,5,membantu,2022-01-01 10:32:54+00,positive,2025-11-12 08:54:31.460817+00,Saturday,6,Excellent,green
55f7a8ab-d8ef-431f-98a5-36cd89375e45,Nova Dwi Kusuma,5,good aplikasi,2022-01-01 06:22:02+00,positive,2025-11-12 08:54:31.460817+00,Saturday,6,Excellent,green
667fcde3-7759-49a5-bf00-f602df86d135,Pengguna Google,5,ok,2022-12-13 13:09:54+00,positive,2025-11-12 08:54:31.460817+00,Tuesday,2,Excellent,green
4461161c-1afe-4e73-9ece-1031b3fac55e,guntoro,5,goooddd,2022-10-27 03:40:59+00,positive,2025-11-12 08:54:31.460817+00,Thursday,4,Excellent,green
b1a6f239-0534-44b0-a61f-d429c1be7070,Tetty Hertina,4,baru mau coba,2022-10-25 01:07:23+00,positive,2025-11-12 08:54:31.460817+00,Tuesday,2,Good,green
1d5008ec-e7c5-4c7c-ba6f-81d91a0d41ff,Jimmy Adami,5,good,2022-07-01 05:16:19+00,positive,2025-11-12 08:54:31.460817+00,Friday,5,Excellent,green
"07521eeb-4866-4a60-b7c8-b1e83896d360",Joung Thawil,5,perjalanan jadi lebih cepat dan nyaman,2021-12-21 13:28:30+00,positive,2025-12-04 02:40:44.842332+00,Tuesday  ,2,Excellent,green
5febedc9-4dd4-47a7-ae99-5f368a4cdcf8,grass goingtoorchid,5,"tidak perlu kartu pembayaran elektronik lagi, simple dan mudah digunakan",2021-12-21 00:12:26+00,positive,2025-12-04 02:40:44.842332+00,Tuesday  ,2,Excellent,green
dac859ea-c87b-4aba-8c8a-6437865e485a,Asyanto Asyanto,5,bagus dan membantu,2021-12-20 20:48:16+00,positive,2025-12-04 02:40:44.842332+00,Monday   ,1,Excellent,green
24557c86-9210-475e-a3aa-6d3979f37f40,EKO WIBOWO,1,"Aplikasi tidak bisa diakses 1 Juli 2022 pkl.06.30",2022-06-30 23:35:08+00,negative,2025-11-12 08:54:31.460817+00,Thursday,4,Terrible,red
24769b97-0179-4c28-b3da-f1009d058a41,ZieRoyy 215,5,goodddddd,2022-06-29 22:38:37+00,positive,2025-11-12 08:54:31.460817+00,Wednesday,3,Excellent,green
cc07602c-cab9-4a21-92de-21d0679cf4cd,Ardy fariz,5,sangat membantu dan memudahkan,2022-06-06 00:58:15+00,positive,2025-11-12 08:54:31.460817+00,Monday,1,Excellent,green
c062447f-d716-4a62-ba20-f89bc4390ad4,Reihan Krisnayadi,5,good sangat cepat,2022-06-05 09:09:04+00,positive,2025-11-12 08:54:31.460817+00,Sunday,7,Excellent,green
d4669dd7-0c16-4775-9c6a-4eec24740cee,Muhammad Fajri,3,dpermudah bagi yang baru masuk akun,2021-12-20 08:17:32+00,neutral,2025-12-04 02:40:44.842332+00,Monday   ,1,Average,yellow
"0d3ff074-98f4-48a4-b887-f8c10d68efdc",Rizky Farhan Sibabul,5,mantap,2022-04-20 07:23:27+00,positive,2025-11-12 08:54:31.460817+00,Wednesday,3,Excellent,green
cf1c2db3-da40-4e18-9b2c-7080975178bb,'Mohamed Noor (Hady),1,"Korban sales multi-trip card ! Lebih baik e-money card.. sia"" beli multi-trip card gak bisa dipakai dibusway apa lgi transaksi e-money lainnya",2022-04-16 22:57:11+00,negative,2025-11-12 08:54:31.460817+00,Saturday,6,Terrible,red
4a857398-1c16-4241-a186-4dc09d691860,Joko Suyanto,5,"MRT Jakarta MANTAB, SEMOGA SUKSE",2022-04-16 16:59:13+00,positive,2025-11-12 08:54:31.460817+00,Saturday,6,Excellent,green
5b2a99a2-814b-4669-b1ab-b192f16b390d,Rahmawati Suci.m,5,"KEREN banget gampang juga pesennya, kemarin beli yang grup buat 4 orang jdi bisa naik mrt bareng temen2 tanpa harus punya kartu",2022-03-21 15:58:14+00,positive,2025-11-12 08:54:31.460817+00,Monday,1,Excellent,green
a5335be1-d2f8-47b3-a322-f5ef5d6c4ebd,Muhammad Arief Aryanto Ridwan,5,ok,2022-03-20 11:04:03+00,positive,2025-11-12 08:54:31.460817+00,Sunday,7,Excellent,green
c2dc4ccf-7293-484a-8301-e0c58bf848f1,Ronald Aitonam,5,bagus gan👍☺️,2022-03-20 02:12:33+00,positive,2025-11-12 08:54:31.460817+00,Sunday,7,Excellent,green
584cd276-44a4-4fb4-bea7-e3ac53e853ba,Akhmad Hakim,5,"Semoga lebih banyak lagi rute MRT di Jakarta agar begitu keluar Rumah, Kantor, pasar, pusat perbelanjaan, bengkel, tinggal jalan kaki sebentar langsung naik MRT. Begitu pun sebaliknya ketika datang langsung tiba di tujuan tanpa naik moda transportasi lain yang harus menunggu lama.",2022-03-19 08:12:36+00,positive,2025-11-12 08:54:31.460817+00,Saturday,6,Excellent,green
35326808-cad8-45ab-b77f-c1b5742c3708,Fadlan Farabi,3,"Tolong perbarui tampilannya, terutama tampilan dalam mode gelap yang masih tidak jelas jika melihat lambang sesuatu pilihan di aplikasi serta tulisan.",2022-03-18 11:55:37+00,neutral,2025-11-12 08:54:31.460817+00,Friday,5,Average,yellow
d7a7eea8-094b-4b86-9138-9381bc58829c,aming hendrawan,5,keren,2022-01-29 06:35:45+00,positive,2025-11-12 08:54:31.460817+00,Saturday,6,Excellent,green
f0e5f7ba-84fa-473c-841f-f2b6c371ca55,Alexander Oswin,1,Apaan sih sekarang di stasiun Lebak bulus pintu masuknya cuma 1 sisi aja.. Kita yang dari arah parkiran resmi jadi jalan kejauhan.. Mana kalau lagi ramai jadi ngantri lagi masuknya.. Ini bintang 1 utk stasiun Lebak bulus bulan aplikasi.. Kalau aplikasi sdh baik,2024-10-28 00:02:03+00,negative,2025-11-12 08:54:31.460817+00,Monday,1,Terrible,red
fc34f719-3cdd-4659-b0f3-3ee1c6c34460,Oyeandhy Oyean,3,kasih 3 dulu Lok emang iya ntar aku kasih full,2023-05-01 03:36:30+00,neutral,2025-11-12 08:54:31.460817+00,Monday,1,Average,yellow
316b533b-bf54-4a99-a3ae-ee9d6ff29947,Boy Taurus,5,mantap,2023-05-01 02:45:24+00,positive,2025-11-12 08:54:31.460817+00,Monday,1,Excellent,green
ecd7f444-ce97-4543-b749-0407d2d1bb40,Farida Aziz,5,seneng naik MRT nyaman dan.cepat,2022-10-18 08:31:33+00,positive,2025-11-12 08:54:31.460817+00,Tuesday,2,Excellent,green
9df9f6de-afb1-48da-8510-b048e7c66703,Adamas Sang,5,"Perbaiki, pertahankan, tambah opsional",2022-10-15 03:41:14+00,positive,2025-11-12 08:54:31.460817+00,Saturday,6,Excellent,green
f3fd882e-b989-4ac0-8172-2f5593f8158e,Teguh Mulya Putra,1,"Aplikasi bermasalah, kenapa tiba2 akun di hapus sendiri",2022-10-01 10:07:31+00,negative,2025-11-12 08:54:31.460817+00,Saturday,6,Terrible,red
e5aea3c6-19d9-4462-88ea-f316750310fa,StR0b3Rr1e,5,bagus,2022-05-12 03:45:44+00,positive,2025-11-12 08:54:31.460817+00,Thursday,4,Excellent,green
b6cdf5eb-3682-458a-af59-e712d72f341f,Rino Sanjaya2407,5,okee,2022-05-11 20:37:46+00,positive,2025-11-12 08:54:31.460817+00,Wednesday,3,Excellent,green
33450a51-ed74-412c-806b-8663b8d93dd8,Sandy Saputra,5,mantaap,2022-05-10 14:00:50+00,positive,2025-11-12 08:54:31.460817+00,Tuesday,2,Excellent,green
31591319-568d-455d-b0df-f7a6c6323a7f,fandi fasarilla,5,mantabss,2022-05-10 09:44:04+00,positive,2025-11-12 08:54:31.460817+00,Tuesday,2,Excellent,green
7070ee59-35bb-4f46-8f79-ff413d294b83,kholid olid,4,mantap,2022-05-10 06:38:13+00,positive,2025-11-12 08:54:31.460817+00,Tuesday,2,Good,green
d2da3b61-b959-48bd-9e47-3f8bae764d6a,Bagus C Setiawan,5,istimewa,2022-05-07 03:36:24+00,positive,2025-11-12 08:54:31.460817+00,Saturday,6,Excellent,green
4a0b1815-36d2-4c1a-98c6-c4e9351952c9,Agree Dani,5,oke,2022-05-04 07:36:38+00,positive,2025-11-12 08:54:31.460817+00,Wednesday,3,Excellent,green
c5e51be0-d5ff-4da3-b318-b1a390a8456f,Izzatul,2,"Kurang praktis kalau harus beli tiket dulu, mending aplikasi langsung connect ke e-wallet yang bekerja sama terus langsung bayar sesuai scan barcode stasiun berangkat dan stasiun tujuan.",2021-12-18 10:15:33+00,negative,2025-12-04 02:40:44.842332+00,Saturday ,6,Poor,red
dcdcf4c0-fcaf-47ff-8b71-3750c712858f,Raffi Maulana Hadi,5,"Aplikasi saat ini tidak ada masalah, apabila ada masalah rating akan berubah",2021-12-18 09:01:08+00,positive,2025-12-04 02:40:44.842332+00,Saturday ,6,Excellent,green
a308527e-e083-4ef9-9317-0e73d5e39dff,Mukti Raja,5,guud,2021-12-18 06:12:19+00,positive,2025-12-04 02:40:44.842332+00,Saturday ,6,Excellent,green
fcfe43a7-2f6c-491a-b4a4-73fb70a0f21e,Hanung Pamungkas,5,ihhiy masuk p. eko..,2021-12-16 05:18:43+00,positive,2025-12-04 02:40:44.842332+00,Thursday ,4,Excellent,green
75703112-d1f6-4677-8621-410392b99c6d,Yudidh,5,lagi dicoba,2021-12-16 01:58:40+00,positive,2025-12-04 02:40:44.842332+00,Thursday ,4,Excellent,green
5412da69-d173-4d07-9bc4-d7096b68e3ec,Romi Ramdhani,5,"Keren banget skrng bisa naik Mrt jadi lebih mudah, tapi aplikasinya masih butuh sedikit perbaikan, saya gak bisa verifikasi KTP padahal udh di tap tapi tetep gabisa, tapi gpp yang penting aplikasinya bisa di gunakan untuk Mrt walaupun belum verifikasi ktp",2021-12-14 09:21:01+00,positive,2025-12-04 02:40:44.842332+00,Tuesday  ,2,Excellent,green
4d4f571b-c993-415b-a5c6-8bbfaa70819a,Dias Lesmana,5,keren banget,2021-12-14 00:44:10+00,positive,2025-12-04 02:40:44.842332+00,Tuesday  ,2,Excellent,green
b393e6c9-317c-422d-a68e-13232c6c5f61,Francisko deny,5,nyaman,2021-12-19 23:39:24+00,positive,2025-12-04 02:40:44.842332+00,Sunday,7,Excellent,green
d2c1c372-31d7-452f-8600-d7edd978abeb,lucky prasetyo,5,baguus,2021-12-19 05:27:58+00,positive,2025-12-04 02:40:44.842332+00,Sunday,7,Excellent,green
b3b9fb37-2943-4dbc-aa6e-eea280c89685,Jean Rares Lucia,5,menyenangkan,2021-12-19 01:28:32+00,positive,2025-12-04 02:40:44.842332+00,Sunday,7,Excellent,green
28977d6a-a4cc-415d-8dcd-d83f13ef4fba,Ahmad Fahruddin,5,heeem,2021-05-09 06:08:49+00,positive,2025-12-04 02:40:44.842332+00,Sunday,7,Excellent,green
ea0f93f4-87a1-4fd3-90a2-6865d5ade351,Joesoef M (GDC),4,terlalu banyak syarat untuk bergabung,2021-12-12 23:09:57+00,positive,2025-12-04 02:40:44.842332+00,Sunday,7,Good,green
aa343c66-0e52-487a-b5a4-c749e3f374fe,Eko Prayitno,5,bagus & bermanfaat,2021-12-12 16:07:51+00,positive,2025-12-04 02:40:44.842332+00,Sunday,7,Excellent,green
db0c718b-142b-408a-adbb-28059f381033,Dedi Gombong,5,semoga berguna,2023-02-17 23:02:51+00,positive,2025-11-12 08:54:31.460817+00,Friday,5,Excellent,green
13ef3e67-b04d-4e29-a93c-b9e71cbf41e8,Supriyadi Ahmad,5,ok,2023-02-15 13:12:29+00,positive,2025-11-12 08:54:31.460817+00,Wednesday,3,Excellent,green
33786480-cfaf-40cd-947f-ece23046d7e3,heri hidayat,5,👍,2023-02-13 11:19:58+00,positive,2025-11-12 08:54:31.460817+00,Monday,1,Excellent,green
4f214f85-7c36-41bf-ac20-3f1de76703c9,Aray Riaz,1,"Aplikasi ga ada guna, pake kode verif lwt sms tp ga muncul2",2023-02-12 15:36:51+00,negative,2025-11-12 08:54:31.460817+00,Sunday,7,Terrible,red
"0eb199f3-4da5-4e37-b782-97f6bf8adcfc",Lulu Fachruri,4,"transportasi umum yg sangat bagus,",2023-01-08 22:02:52+00,positive,2025-11-12 08:54:31.460817+00,Sunday,7,Good,green
cae65156-01e1-48ef-b88a-6eb0e02a156f,Ismu Nandar,5,good,2023-01-08 03:47:34+00,positive,2025-11-12 08:54:31.460817+00,Sunday,7,Excellent,green
79c2c606-9e59-40ce-a5b2-2bf649fbe8b0,Pulung Saing,5,mantab,2023-01-03 06:46:32+00,positive,2025-11-12 08:54:31.460817+00,Tuesday,2,Excellent,green
94adeb62-a541-44ca-a783-274c7837825d,Richard Simblon,5,mantap,2023-01-02 09:25:25+00,positive,2025-11-12 08:54:31.460817+00,Monday,1,Excellent,green
85d04c8e-732f-446c-ac86-53c4104dbc2f,Christina Chen,5,baik,2022-10-16 08:40:31+00,positive,2025-11-12 08:54:31.460817+00,Sunday,7,Excellent,green
99b03ed8-59eb-4d50-a4b4-17ed1ae28a9c,rizal ari,5,good,2022-08-28 12:52:06+00,positive,2025-11-12 08:54:31.460817+00,Sunday,7,Excellent,green
a1743f84-7e5e-43b7-911d-69d459060a0f,Achmada Fiqri A Rasyad,3,3 dulu,2022-04-13 22:42:11+00,neutral,2025-11-12 08:54:31.460817+00,Wednesday,3,Average,yellow
f0cd8233-dd0a-4587-ae01-a0d1fd6371fa,Adnan Elhabasyi,4,baru download,2022-04-11 01:56:40+00,positive,2025-11-12 08:54:31.460817+00,Monday,1,Good,green
76905a1f-16d9-4db6-af74-55d6c891159e,Faiz Satria Yudanta,1,"Sejak update 30 Maret 2022, aplikasi tidak bisa digunakan, freeze di splash start screen",2022-04-01 01:05:19+00,negative,2025-11-12 08:54:31.460817+00,Friday,5,Terrible,red
eefdee5c-2b83-456c-b395-bc56dc94acdb,iki desu,1,Yak tidak bisa di akses,2022-03-31 03:26:24+00,negative,2025-11-12 08:54:31.460817+00,Thursday,4,Terrible,red
df47586e-de51-4900-96ce-751bb05c5028,bagas abdurrahman,4,baik,2022-03-30 10:05:42+00,positive,2025-11-12 08:54:31.460817+00,Wednesday,3,Good,green
71c51e3c-baa9-4885-9145-ae225011fb72,Ana Apriani,5,semoga bnyk promo naik mrt,2022-03-28 03:07:35+00,positive,2025-11-12 08:54:31.460817+00,Monday,1,Excellent,green
83cd5d5e-425d-4e7f-9c92-500ccf6e8f0c,Randy,5,good transportation in indonesian,2022-03-26 10:17:40+00,positive,2025-11-12 08:54:31.460817+00,Saturday,6,Excellent,green
e784a874-46c5-4ba2-b3ea-62b259ead299,sandi ariyadi,5,mantab,2022-03-26 04:00:51+00,positive,2025-11-12 08:54:31.460817+00,Saturday,6,Excellent,green
24003995-9d1b-4b90-a10a-37a60f89ebce,M. Eka Syaputra,5,mantap,2022-03-26 03:12:40+00,positive,2025-11-12 08:54:31.460817+00,Saturday,6,Excellent,green
c7602640-ae1b-427c-ac29-bf1ae62a81f5,Hanif Nur pasa,1,INTERFACENYA JELEK BANGET,2021-12-10 14:18:32+00,negative,2025-12-04 02:40:44.842332+00,Friday   ,5,Terrible,red
6f45df55-d2b6-4878-938d-e0d9cf52b94d,P P,5,jika bagus/tidak ada kendala,2021-12-09 03:10:22+00,positive,2025-12-04 02:40:44.842332+00,Thursday ,4,Excellent,green
cbc97085-5142-45a1-ab8d-c8fb1d0b0e87,Fathur Rahman fadillah138,5,Tambah pembayaran shopeepay,2021-12-07 13:10:38+00,positive,2025-12-04 02:40:44.842332+00,Tuesday  ,2,Excellent,green
"0ebab3fe-9890-4f4b-90ed-35b0a0ee0d36",Aep Saepudin,2,Sering gagal masuk,2021-12-07 10:32:04+00,negative,2025-12-04 02:40:44.842332+00,Tuesday  ,2,Poor,red
"0c9777a7-a607-44fa-b434-ce2f06903c80",Machdar Mazinar,5,"excellent , semoga tetap dipertahankan pelayanannya",2021-12-07 03:46:03+00,positive,2025-12-04 02:40:44.842332+00,Tuesday  ,2,Excellent,green
1b3744b4-7217-4a42-b80d-5b90e44bb870,Nadia Admin,5,keren,2021-12-04 14:00:46+00,positive,2025-12-04 02:40:44.842332+00,Saturday ,6,Excellent,green
6605c4c6-dac7-43f8-91e3-7e33d5274efc,faiz hikmatiar,5,mantap,2021-12-04 05:24:09+00,positive,2025-12-04 02:40:44.842332+00,Saturday ,6,Excellent,green
857c8bf9-3f67-414b-80fd-d729cac011c3,Diat Prihanto,3,nyoba dlu,2021-12-04 03:42:02+00,neutral,2025-12-04 02:40:44.842332+00,Saturday ,6,Average,yellow
8c63f109-a5cd-4051-89dd-35d4accc6c26,Priyas Haryadi,2,Banyak bener bug nya dah,2022-09-29 11:25:55+00,negative,2025-11-12 08:54:31.460817+00,Thursday,4,Poor,red
3e2b1797-84d7-423c-9857-b9da42079308,Syaiful Syah,5,bagus,2022-07-30 09:50:47+00,positive,2025-11-12 08:54:31.460817+00,Saturday,6,Excellent,green
7dc95aae-85bf-4a72-a9d0-f4fb345fb8ed,Gojek Jakarta Driver,5,MRT Jakarta oke,2022-07-30 09:37:51+00,positive,2025-11-12 08:54:31.460817+00,Saturday,6,Excellent,green
b8c5c0e4-4410-41a9-b223-f703079ad7e2,Tio Alif Rizanto,5,sangat membantu dan memudahkan,2022-03-18 02:00:58+00,positive,2025-11-12 08:54:31.460817+00,Friday,5,Excellent,green
43402573-b3a9-4777-a9de-227849708b5d,Abdul Hapid Ramadan,5,sangat bermanfaat,2021-12-04 02:55:32+00,positive,2025-12-04 02:40:44.842332+00,Saturday ,6,Excellent,green
5192ee2f-eebd-4cdf-a7fc-b25e0b34bd94,Rendroko Bhuwono,5,baik,2021-12-03 13:57:07+00,positive,2025-12-04 02:40:44.842332+00,Friday   ,5,Excellent,green
19bb8fc1-ae7b-402a-a8d3-d5c092198621,Rajali Li,5,saya suka aplikasi ini,2021-12-03 11:17:22+00,positive,2025-12-04 02:40:44.842332+00,Friday   ,5,Excellent,green
52789252-793c-4c64-99e0-a43aeccdfd10,Moh. Fachrudin,5,keren banget,2022-03-16 04:54:20+00,positive,2025-11-12 08:54:31.460817+00,Wednesday,3,Excellent,green
d541f6e8-4555-4879-8d21-a04ff65b4065,M. Aditya Teguh Pratama,5,good job,2022-03-11 00:51:49+00,positive,2025-11-12 08:54:31.460817+00,Friday,5,Excellent,green
620b2b86-1cfb-48aa-88f9-8015b813120f,herman syah,5,baru naik sekali..kereta nya bersih,2022-02-27 08:13:42+00,positive,2025-11-12 08:54:31.460817+00,Sunday,7,Excellent,green
"0faaea35-078f-4bbc-a8af-3a189204402f",Adonan Affif,5,Alhamdulillah semoga bermanfaat,2022-02-26 22:48:31+00,positive,2025-11-12 08:54:31.460817+00,Saturday,6,Excellent,green
357036c5-606e-463b-87cf-df4e59e8a4b0,CHAFID MANGSUR,5,Lebih mudah dan praktis,2022-02-19 23:05:29+00,positive,2025-11-12 08:54:31.460817+00,Saturday,6,Excellent,green
7a28f760-5dfc-42f9-8636-7f3f5548e615,Tri Lusi Miarto,3,"Sudah bisa cek saldo kartu mrt multi trip, tetapi TIDAK BISA isi saldonya!! di UP lagi ???",2022-02-16 03:22:19+00,neutral,2025-11-12 08:54:31.460817+00,Wednesday,3,Average,yellow
19a69d95-cacf-4432-a7bc-01efc904f568,Pradana N S,2,"Untuk verifikasi ktp tolong diperbaiki, error terus ketika bagian itu.",2022-01-27 18:43:31+00,negative,2025-11-12 08:54:31.460817+00,Thursday,4,Poor,red
d3a8b752-970a-4534-9ebe-be55f2169396,Anisa Dwi Amelia,4,sgitu dlu klo bgus dtmbahin,2022-01-27 00:40:57+00,positive,2025-11-12 08:54:31.460817+00,Thursday,4,Good,green
4c0a5c2d-c942-433d-9af4-7b0e590eba7c,Mustika Wati,2,"Baru aja download aplikasi ini, mau liat jadwal mrt malah tiba² keluar sendiri aplikasi nya, suka error gini sih, tolong dong diperbaiki layanan aplikasi mrt nyaa",2022-01-26 03:23:17+00,negative,2025-11-12 08:54:31.460817+00,Wednesday,3,Poor,red
49d859e4-41a2-42ba-977c-d1a12ccfe230,muhammad nur khawarizmi,5,ok,2022-01-23 05:14:47+00,positive,2025-11-12 08:54:31.460817+00,Sunday,7,Excellent,green
cedf6ccf-83cf-49ba-9830-dedffb994815,Ahmad Abdul Azis Sahal,5,good,2022-01-21 10:29:20+00,positive,2025-11-12 08:54:31.460817+00,Friday,5,Excellent,green
265a24a3-baff-4580-a178-03a15ca1fbc8,Suardi Aljihad,5,keren,2022-01-17 02:46:28+00,positive,2025-11-12 08:54:31.460817+00,Monday,1,Excellent,green
48181242-8e17-473f-9aa7-16adb7994ee8,Haryati Yati,2,"Di, to.",2021-12-03 07:34:23+00,negative,2025-12-04 02:40:44.842332+00,Friday   ,5,Poor,red
1da12499-fcbd-43df-986c-6ace0186d027,Ade Kurniawan,5,Gak bisa di buka,2021-12-03 04:55:49+00,positive,2025-12-04 02:40:44.842332+00,Friday   ,5,Excellent,green
f2c1b90c-73e9-434e-8529-c40b8648fc8c,eva rianti,5,maju ekonomi untuk kepetingan rakyat,2021-12-03 01:12:32+00,positive,2025-12-04 02:40:44.842332+00,Friday   ,5,Excellent,green
3730e478-d7eb-4c5e-994f-b5671619a8c9,dzaki fairus,5,mantap sangat berguna aplikasi ini,2021-12-02 00:20:36+00,positive,2025-12-04 02:40:44.842332+00,Thursday ,4,Excellent,green
86605215-f65b-404c-a2d8-64341f86ffd8,Erhandi Deynez Safa,5,Sangat Menganggumkan,2024-10-21 12:31:25+00,positive,2025-11-12 08:54:31.460817+00,Monday,1,Excellent,green
b46ac1fe-dbaa-4f6b-9523-03b7b641ad7d,Anita Permatasari,1,Mana ini mau daftar ga bisa kode otp ga dpt2 ga berguna,2023-06-09 12:12:16+00,negative,2025-11-12 08:54:31.460817+00,Friday,5,Terrible,red
59f9347b-dfad-43e1-b0a7-947da7605c88,Parma Channel,2,Lagi penting mau dipake malah arang tidak bisa dipakai ....otw grab,2023-03-28 01:05:54+00,negative,2025-11-12 08:54:31.460817+00,Tuesday,2,Poor,red
f846261b-2bad-4ebe-a999-55734819e33b,Warsito Jaim,4,💗💗,2023-03-26 10:37:34+00,positive,2025-11-12 08:54:31.460817+00,Sunday,7,Good,green
cd6a5034-4618-47b7-8e2f-302dbce54ffc,Evander Purnomo,5,Baru pertama kali aku mendaftar di Aplikasi MRT Jakarta,2022-07-23 02:55:40+00,positive,2025-11-12 08:54:31.460817+00,Saturday,6,Excellent,green
e773d3c8-1b9d-4120-ad33-0d0013e7cfba,andi Sahril,5,mantap,2022-07-20 05:39:49+00,positive,2025-11-12 08:54:31.460817+00,Wednesday,3,Excellent,green
2d2488db-2975-4d9e-9f81-623cb38f6b1f,Edy Supriyanto,5,"mrt Jakarta, merubah wajah Jakarta, i love Jakarta",2022-07-13 06:57:11+00,positive,2025-11-12 08:54:31.460817+00,Wednesday,3,Excellent,green
e63fdca0-8801-4da2-9bbb-0aed77163354,Sarah Nuriah,4,kereeeennn,2022-07-06 07:00:07+00,positive,2025-11-12 08:54:31.460817+00,Wednesday,3,Good,green
1323f73b-c6e7-4cda-a03f-ef5f778bfb1f,Miftakhul Khoir,4,mantap,2021-11-26 20:05:19+00,positive,2025-12-04 02:40:44.842332+00,Friday   ,5,Good,green
b38a4da9-854f-4cde-8781-e45852c0c7b0,Loula Pranowo,5,Bagus aplikasinya,2021-11-26 12:31:46+00,positive,2025-12-04 02:40:44.842332+00,Friday   ,5,Excellent,green
c85a5714-b2b3-4241-b543-1c061b70642e,Eva Loula Pranowo,5,"Bagus dan mudah beli tiket, bisa nonton film gratis juga di perjalanan",2021-11-26 12:29:45+00,positive,2025-12-04 02:40:44.842332+00,Friday   ,5,Excellent,green
12e69407-4c64-4873-91d9-483f2a56f377,D Sukandar,5,akses nya mudah,2021-11-26 12:18:19+00,positive,2025-12-04 02:40:44.842332+00,Friday   ,5,Excellent,green
affb20b9-c139-4d70-9467-b2755b554b0f,Farhan ramadhan,5,Sukaaa,2021-11-26 06:10:29+00,positive,2025-12-04 02:40:44.842332+00,Friday   ,5,Excellent,green
27534d85-225a-441f-acc0-384e6492e2f0,Pentahelix Entertaiment,5,Mantap,2021-11-24 04:29:17+00,positive,2025-12-04 02:40:44.842332+00,Wednesday,3,Excellent,green
6b530dfd-edb9-4fc2-beb3-79afb0d8cd6a,Nurianty Leksana,2,Gimana nih baru download trs abis registrasi malah keluar trs dari app?? Hadehhh emng ya kalo sistem begini susah benernya,2021-11-22 23:41:21+00,negative,2025-12-04 02:40:44.842332+00,Monday   ,1,Poor,red
27f17d5f-7dd1-49a6-8f4f-5a9ff6525634,Anjani Aprilliani,1,Saya sangat suka sebenarnya Tp entah knp setelah diupdate malah tidak bisa dibuka aplikasi nya,2021-11-22 23:23:10+00,negative,2025-12-04 02:40:44.842332+00,Monday   ,1,Terrible,red
a0117f1d-dc14-4f8f-ac8b-76db3f26e7b5,M Dzulhaj,5,bismillah semoga bisa,2021-11-28 11:54:41+00,positive,2025-12-04 02:40:44.842332+00,Sunday,7,Excellent,green
2a889be2-8d54-4505-b0a4-9ce0ec27ceaf,Hesti Oktaviyanti,5,keren lah bisa bawa anak jln2,2021-10-25 09:11:10+00,positive,2025-12-04 02:40:44.842332+00,Monday   ,1,Excellent,green
2ebe0159-126e-44c7-bec6-b749f448e43c,Kartina Tina (Andri),5,New comer 🙏🏿🖤🖤🤍💌🎤💯🥰😍😘🤲🏿🙏🤲,2024-10-20 09:35:18+00,positive,2025-11-12 08:54:31.460817+00,Sunday,7,Excellent,green
70cbb995-45af-4b54-913b-059a89faaa31,Handi Sepdika,1,"sistem pembayaran bukanya makin baik tp makin hancur, dlu bs pake Gopay,ovo ,link aja, skrg pake Blu BCA juga ga bs, beli di loket kena biaya 1000, Programer Lo busuk min ganti2in aja, orang mau buru2 malah ngupdate 😑",2024-10-10 10:05:07+00,negative,2025-11-12 08:54:31.460817+00,Thursday,4,Terrible,red
f190b2dc-3ab7-4463-92cd-63e574237807,adrian arman,1,Ga guna bayarnya susah gabisa pake virtual account,2024-09-08 02:27:07+00,negative,2025-11-12 08:54:31.460817+00,Sunday,7,Terrible,red
852e938c-0e36-4e43-a1a2-e04491ae155f,Hananda Linggar Kusuma,1,ribet banget masalah topup. Gmn bisa berkembang ni aplikasi.,2024-09-07 04:05:16+00,negative,2025-11-12 08:54:31.460817+00,Saturday,6,Terrible,red
d06f47ff-a61d-45ff-a5af-eecdddd34143,Shita Devi,3,"Kalau bisa stasiun awalnya jg bisa diubah, jgn hanya stasiun tujuan. Kalau udh beli pp, dan ternyata pulangnya gak bisa dr stasiun yg sesuai dgn yg dibeli jd repot hrs beli tiket lg",2024-08-28 11:40:32+00,neutral,2025-11-12 08:54:31.460817+00,Wednesday,3,Average,yellow
56342ebb-1e29-43ca-8648-aa212cb2e4e0,SIMPATIK MEDIA PRATAMA,5,keren,2023-06-01 01:51:24+00,positive,2025-11-12 08:54:31.460817+00,Thursday,4,Excellent,green
98529ca9-3ab5-40ad-a494-1e292e346691,Gleen Pratama,5,mantap.. pasti lolos tiket scan masuk bisa.,2023-05-31 08:53:03+00,positive,2025-11-12 08:54:31.460817+00,Wednesday,3,Excellent,green
fc1c5a92-ced4-4a70-955e-b9075b04ca45,Fatra FR,5,mantap,2023-02-12 04:40:19+00,positive,2025-11-12 08:54:31.460817+00,Sunday,7,Excellent,green
9ad0c530-d903-48e8-94ae-41d8da215ecc,Hamzah Salam,5,good 👍,2022-07-16 05:59:39+00,positive,2025-11-12 08:54:31.460817+00,Saturday,6,Excellent,green
e3327e78-8c3f-450d-b85a-4000ca871b3a,Oemar Salam,5,woke...👍,2022-07-16 05:13:58+00,positive,2025-11-12 08:54:31.460817+00,Saturday,6,Excellent,green
623a0610-bf4f-4d35-9572-5a762c56bc8b,Desi susanti,4,bagus,2022-07-15 01:51:28+00,positive,2025-11-12 08:54:31.460817+00,Friday,5,Good,green
7a52ad17-8ae9-43d0-b90a-3c06636efb26,KEREN _GAMING,5,"Aplikasi memudahkan banget buat jalan2, gak nyesel donloadnya 😆",2022-06-22 04:18:53+00,positive,2025-11-12 08:54:31.460817+00,Wednesday,3,Excellent,green
c3ad8839-f701-40c2-960a-297fd8e603a2,chandra kirana,5,oke,2021-10-22 04:31:52+00,positive,2025-12-04 02:40:44.842332+00,Friday   ,5,Excellent,green
8cae5ebf-3a8c-4ca3-9437-809490726fff,ferry saeful,5,ok,2021-10-16 14:53:27+00,positive,2025-12-04 02:40:44.842332+00,Saturday ,6,Excellent,green
26d8a131-197a-40bf-b11a-7b7704415fe9,Ridzky Sudardianto R,5,memudahkan pelanggan,2021-10-15 04:09:08+00,positive,2025-12-04 02:40:44.842332+00,Friday   ,5,Excellent,green
e55df61a-8e14-4097-85ac-65699f6402c2,Ree Juanah,5,baru mau coba,2021-10-15 03:41:25+00,positive,2025-12-04 02:40:44.842332+00,Friday   ,5,Excellent,green
7c950fee-9d1b-442f-8a0a-d9eeb724bb7e,Aulia Pratama,5,efisien,2021-10-14 09:03:15+00,positive,2025-12-04 02:40:44.842332+00,Thursday ,4,Excellent,green
9ec96976-4504-4a0b-9229-acdc63e998cf,Wanda Firmansyah,5,good,2021-10-12 07:34:07+00,positive,2025-12-04 02:40:44.842332+00,Tuesday  ,2,Excellent,green
93bea8a5-924c-4dc3-8a7f-a60060bde839,Rusliadi Darusman,5,mantap,2021-10-11 15:30:32+00,positive,2025-12-04 02:40:44.842332+00,Monday   ,1,Excellent,green
4cc4e2e8-739f-405a-8050-5649cba4ecb1,Kristini Panoyo,5,mudah,2021-10-09 07:53:29+00,positive,2025-12-04 02:40:44.842332+00,Saturday ,6,Excellent,green
dcbe7ec4-4328-4e31-82dc-1060d19e3239,Prihadi Gusman,5,Baru,2021-10-08 00:44:28+00,positive,2025-12-04 02:40:44.842332+00,Friday   ,5,Excellent,green
1fd812c4-1367-4797-839c-715258d3f67b,Ni Putu Astri Indah Pratiwi,5,membantu sekali.,2021-10-05 10:54:13+00,positive,2025-12-04 02:40:44.842332+00,Tuesday  ,2,Excellent,green
17d8cae3-86b7-4a1a-968d-d945da814998,Royan Ramadhiyan,5,mantappppsss jiwaaaa,2021-10-02 15:17:30+00,positive,2025-12-04 02:40:44.842332+00,Saturday ,6,Excellent,green
"0f707eef-2d30-4fdc-8fb1-7f7f0f7b91e7",I Putu Gede Jaya Andi saputra,4,good,2021-09-30 13:56:40+00,positive,2025-12-04 02:40:44.842332+00,Thursday ,4,Good,green
de463f17-200e-4389-b553-1e01ab15ed8f,Freddy Simanjuntak,5,Ok,2021-09-30 09:12:48+00,positive,2025-12-04 02:40:44.842332+00,Thursday ,4,Excellent,green
1782fdb0-3850-4143-ae59-f30356620bd1,Iman Mauludin,5,sangat membantu,2021-10-17 22:00:45+00,positive,2025-12-04 02:40:44.842332+00,Sunday,7,Excellent,green
73370b44-c360-46d8-a6dc-6546884d0f7d,Abdullah Fikri,5,mantap,2021-10-10 09:34:21+00,positive,2025-12-04 02:40:44.842332+00,Sunday,7,Excellent,green
397ebde9-0db5-494a-a7b6-27c1940e2df9,wisono prasetyo,5,sudah sesuai,2021-09-18 07:50:35+00,positive,2025-12-04 02:40:44.842332+00,Saturday ,6,Excellent,green
3e61aa6c-558c-472f-b3f7-749d3944b53f,Ibnu Sina,3,mantab,2021-09-17 00:34:25+00,neutral,2025-12-04 02:40:44.842332+00,Friday   ,5,Average,yellow
60686550-89d4-49bd-b343-478b7cb7686e,Bary Doank,3,Belum coba,2021-09-16 14:21:54+00,neutral,2025-12-04 02:40:44.842332+00,Thursday ,4,Average,yellow
990c8a50-ea33-41ea-aadc-a26b6228cf5e,Lovely Wiwit,3,"Bismillahirrahmanirrahim, tadinya udah download aplikasi buat mempermudah beli beli tiket. Pas di coba, ehh koq metode bayarnya pakai aplikasi e-wallet yg belum pernah saya tau, juga cuma pakai blu aja, bank yg lainnya ga ada Akhirnya saya uninstall, balik aja pakai e-money lebih mudah dan praktis. Maaf ya🙏",2024-12-15 02:37:17+00,neutral,2025-11-12 08:54:31.460817+00,Sunday,7,Average,yellow
ebf74e00-d842-4e59-8c6c-a676e904fa9b,Arman Syah,2,Bank pembayaran ny terlalu sedikit,2024-08-01 03:48:47+00,negative,2025-11-12 08:54:31.460817+00,Thursday,4,Poor,red
32c384c7-5308-421f-a186-d1e8d9eccc69,Tiang alit Wong cilik,1,"Tidak bisa bayar pakai gopay, link aja, Qris",2024-07-14 05:22:53+00,negative,2025-11-12 08:54:31.460817+00,Sunday,7,Terrible,red
5be4e460-677b-4630-985d-8ec9771da28f,Hariming Marbilansa,1,"pembayaran pake BLU error terus, jadi gabisa beli tiket",2024-07-11 07:58:19+00,negative,2025-11-12 08:54:31.460817+00,Thursday,4,Terrible,red
297402a4-d746-4864-a12d-b275a41a7f90,Bila,1,Update mulu tiap hari,2024-07-11 03:06:52+00,negative,2025-11-12 08:54:31.460817+00,Thursday,4,Terrible,red
"0e4f94d1-2b6e-45e7-aeca-85ba33d30d64",Asril Delvianti Wau,1,"Ini aplikasi MRT bukannya memudahkan malah makin ngeribetin, aplikasi nya suka error, pembelian tiket suka error. Mending lu benerin dulu deh bug nya, pengen ngomong kasar hadehhh",2024-07-10 12:28:10+00,negative,2025-11-12 08:54:31.460817+00,Wednesday,3,Terrible,red
f981f427-fd4c-4941-ba6d-122009516b57,Park Chanyeol,1,"Pembayaran ribet. Pake bank cuma bisa blu dan master card, tapi pake blu gak bisa2. Pake isaku juga gak bisa. Apa tidak bisa pake pake alat pembayaran yg lebih mudah?",2024-07-10 10:26:19+00,negative,2025-11-12 08:54:31.460817+00,Wednesday,3,Terrible,red
75363938-942d-49f5-a875-6921d425b05b,Hidayatullah dayat,1,Gabisa pake bca digital,2024-07-10 00:35:46+00,negative,2025-11-12 08:54:31.460817+00,Wednesday,3,Terrible,red
8e96dfba-9b1e-4b61-acf0-b4c0874353e5,Mimpi Buruk,2,Metode pembayarannya kurang banyak e-wallet nya kurang jadi ribet naik nya juga,2024-07-08 18:28:58+00,negative,2025-11-12 08:54:31.460817+00,Monday,1,Poor,red
"0a023ea2-1836-4981-a81e-40f5e0ca264a",Reubun Bekasi,1,Fasilitas tunggu d bawah minim Mana ada stasiun besar kok fasilitas apa ada nyaaa.... Gembel,2024-07-08 03:36:33+00,negative,2025-11-12 08:54:31.460817+00,Monday,1,Terrible,red
cd7f14d9-c574-46c3-9b46-c455b4c8086a,Farhlis MD,2,Kebiasaan suka log oug dengan sendirinya dihilangkan lah!,2024-07-02 00:30:36+00,negative,2025-11-12 08:54:31.460817+00,Tuesday,2,Poor,red
5b5b78a2-f02a-4a45-afe5-50c5eda007b0,Alya Haidar Hanun,1,Susah untuk login.,2023-05-19 10:54:18+00,negative,2025-11-12 08:54:31.460817+00,Friday,5,Terrible,red
9c22240e-9dee-4c54-bd4e-926309b5e4ed,suprimartus djanor,4,keren aplikasinys,2023-05-18 06:18:02+00,positive,2025-11-12 08:54:31.460817+00,Thursday,4,Good,green
ef58b73f-b76f-4b8f-9c39-abd9e987312a,Firmansyah achjab,1,banyak bug,2023-01-14 11:36:54+00,negative,2025-11-12 08:54:31.460817+00,Saturday,6,Terrible,red
9f79ecca-9fa2-4fb3-b942-07faed23f47b,Alvin Harley,5,great,2022-06-22 05:16:07+00,positive,2025-11-12 08:54:31.460817+00,Wednesday,3,Excellent,green
651c4869-108b-4f72-9621-7eb5402bea0d,Enjoiaja 86,5,semoga lancar,2022-06-12 11:27:55+00,positive,2025-11-12 08:54:31.460817+00,Sunday,7,Excellent,green
e450d71d-e940-48e6-82bc-222c2ffcaa44,zamara jo,5,mantap,2022-06-09 14:43:40+00,positive,2025-11-12 08:54:31.460817+00,Thursday,4,Excellent,green
fadc29b4-5d7d-45c6-99bf-0ec5800c3c64,syaa latif,4,"tertib, aman & nyaman .Prokes bagus.",2021-09-16 11:50:12+00,positive,2025-12-04 02:40:44.842332+00,Thursday ,4,Good,green
110837f8-0b0e-4ee8-b656-a3f05e7a4647,Hans Handoyo,4,good aplikasi.thanks,2021-09-14 01:57:28+00,positive,2025-12-04 02:40:44.842332+00,Tuesday  ,2,Good,green
e3d7e2c1-045b-451a-b519-493c06ef947f,Endang Priadi,4,bagus,2021-09-13 07:19:16+00,positive,2025-12-04 02:40:44.842332+00,Monday   ,1,Good,green
4a42e60c-7c43-4f45-be2c-8be8945c53af,Andri Ano,5,masih dlm pemcobaan. smoga bermakana buat kepegian nanti,2021-09-10 16:45:52+00,positive,2025-12-04 02:40:44.842332+00,Friday   ,5,Excellent,green
eacb704c-fa2f-4038-add6-d0de77d8ffee,sudiono,5,nice,2021-09-10 06:44:55+00,positive,2025-12-04 02:40:44.842332+00,Friday   ,5,Excellent,green
e461fc2e-38e5-45eb-b866-c90d414dd5b2,Eric MAM,5,mantaaap,2021-09-09 04:57:14+00,positive,2025-12-04 02:40:44.842332+00,Thursday ,4,Excellent,green
351f40c7-5d90-4fa1-bbb6-94aa8435d1ce,EvHKraken (Dandi Gunawan),5,nice,2024-06-26 12:05:20+00,positive,2025-11-12 08:54:31.460817+00,Wednesday,3,Excellent,green
2ff3d534-ba92-4def-b7be-1596a4ea12cb,Reni Anggit wahyu maharani,5,"Bagus ,enak adem nyaman dan sangat mudah untuk cara pemesan tiket ny . naik pas ulang tahun jakarta 22 juni 2024 .",2024-06-22 06:50:59+00,positive,2025-11-12 08:54:31.460817+00,Saturday,6,Excellent,green
332a5d35-426f-4caa-8df3-6dde68dbd569,Sylviana Aristyani Putri,5,Hebaat…😁🥰,2024-06-09 14:46:36+00,positive,2025-11-12 08:54:31.460817+00,Sunday,7,Excellent,green
3fe0f761-b946-4972-80cd-4dc0b5805d07,Andromeda,1,Ngga bisa bayar pakai astrapay? Loading mulu,2024-06-04 22:27:13+00,negative,2025-11-12 08:54:31.460817+00,Tuesday,2,Terrible,red
21c0304a-4d98-4c92-b24e-f0e426c54f10,Kang Rey Indorihan,5,Transportasi terbaru di DKI jakarta. Rute nya hanya dari Lebak bulus Tujuan Bundaran HI / arah sebaliknya Bundaran HI tujuan Lebak Bulus @indorihan 2019,2024-05-29 05:49:34+00,positive,2025-11-12 08:54:31.460817+00,Wednesday,3,Excellent,green
c2983f6a-3445-42b9-9472-7eefbabbf17b,Muhammad Soerachman,5,Apa beda LRT dengan MRT Dan bagaimana cara klo kita mau naik salah satu kereta ini.,2024-05-23 15:38:34+00,positive,2025-11-12 08:54:31.460817+00,Thursday,4,Excellent,green
615a1274-21ec-40bb-b467-1f4c0964f09d,Rendy Prima Darmawan,2,"Gajelas buka yutup lancar, tapi buka mrtj lemot di jam sibuk, server bapuk",2024-05-13 11:18:16+00,negative,2025-11-12 08:54:31.460817+00,Monday,1,Poor,red
59bcffcf-edd7-4c33-ba58-85319190ce44,Munadi Ok,5,praktis dan ekonomis,2023-05-07 12:13:44+00,positive,2025-11-12 08:54:31.460817+00,Sunday,7,Excellent,green
e51134d3-32b6-491a-b4e2-9219ebaff9af,Bang One,1,Otp ga masuk2,2023-05-07 01:43:08+00,negative,2025-11-12 08:54:31.460817+00,Sunday,7,Terrible,red
bc2d40ba-0d66-48cb-bb80-d863b44395bb,Withianly Mpmuat X IPA 2,5,Membantu,2023-01-11 03:03:05+00,positive,2025-11-12 08:54:31.460817+00,Wednesday,3,Excellent,green
9124c792-a35b-475e-a586-53a6b3ad9891,Maya Utami,5,terbaik,2022-07-01 04:16:39+00,positive,2025-11-12 08:54:31.460817+00,Friday,5,Excellent,green
6236aa80-e7d7-4e76-9023-8b632e60c1cf,cinde triatmoko,5,oke,2022-06-18 16:59:16+00,positive,2025-11-12 08:54:31.460817+00,Saturday,6,Excellent,green
e64d4205-a63a-4dcc-8c35-0759e0ca7916,wiwi dya,5,sangat baik,2022-06-11 08:32:26+00,positive,2025-11-12 08:54:31.460817+00,Saturday,6,Excellent,green
480cfe27-d907-4b1b-8f64-b5ea8fd0f150,ari sarumaha,5,mantap sangat memudahkan masyarakat,2022-06-04 06:27:38+00,positive,2025-11-12 08:54:31.460817+00,Saturday,6,Excellent,green
5fecd5d2-6d6e-4a72-9502-43c56847d001,rizki muhammad,5,mantulss,2022-06-04 04:56:43+00,positive,2025-11-12 08:54:31.460817+00,Saturday,6,Excellent,green
"035704a9-9668-4053-bf8c-71e930015e50",Prince Yadhi Purnama Official,2,"Tidak bisa bayar pakai Ewalllet yang lain, tidak bisa bayar pakai QRIS yang kode batangnya bisa diunduh..... Biaya Transportasinya agak mahal.....",2024-05-10 10:19:20+00,negative,2025-11-12 08:54:31.460817+00,Friday,5,Poor,red
7f959d74-0d9e-41ae-8c36-1b28980458cc,Vicky hidayat Putra,2,Suka eror sesudah membeli tiket,2024-05-07 10:50:57+00,negative,2025-11-12 08:54:31.460817+00,Tuesday,2,Poor,red
72d668d5-7ea0-4ccc-8bad-50dfe1829753,Keke Cola,5,semoga aplikasi ini bisa mempermudah gerak kegiatan warga Jakart,2023-04-28 13:45:10+00,positive,2025-11-12 08:54:31.460817+00,Friday,5,Excellent,green
1c49a19b-1cef-4211-9f0c-9bf492c2fcd9,Sugeng Santoso,5,Mantap,2023-04-27 12:41:36+00,positive,2025-11-12 08:54:31.460817+00,Thursday,4,Excellent,green
d7175f89-8844-4741-aa7b-f319c102af8a,Simon Pandjaitan,5,Good Apps,2023-04-27 08:37:25+00,positive,2025-11-12 08:54:31.460817+00,Thursday,4,Excellent,green
cb732240-8e52-4f0f-9db8-e4b8dbbd5b61,Ferdinand Resner,5,okey,2023-04-23 09:17:59+00,positive,2025-11-12 08:54:31.460817+00,Sunday,7,Excellent,green
27bd2b1b-557e-4e80-aa5d-1957625a6b1d,MOHAMAD SHALEH,4,ok,2022-06-28 06:04:39+00,positive,2025-11-12 08:54:31.460817+00,Tuesday,2,Good,green
eed5fc7c-734a-441f-8fb2-52263cbe65b1,raju aja,1,Aplikasi aneh daftarnya susah,2022-05-28 11:22:47+00,negative,2025-11-12 08:54:31.460817+00,Saturday,6,Terrible,red
6d6e5954-1a2d-4f68-a6de-6185b1c5b869,Novita Uneputty,5,good,2022-05-24 05:07:59+00,positive,2025-11-12 08:54:31.460817+00,Tuesday,2,Excellent,green
87b7c3c6-bf05-406c-9a7c-e5e5fa60fdb4,MR Kurnia,5,muantab,2021-08-31 11:47:39+00,positive,2025-12-04 02:40:44.842332+00,Tuesday  ,2,Excellent,green
a5c27e3c-9596-414b-b87f-7cdafd9167ec,Candri Julius,3,"Bukannya lebih praktis tinggal scan QR dari Linkaja, Gopay, dll ya kayak KRL? Kalo harus beli tiket lagi kesannya lebih outdated dari pada sistem KRL bukannya padahal fasilitas MRT canggih loh.",2021-08-27 11:27:13+00,neutral,2025-12-04 02:40:44.842332+00,Friday   ,5,Average,yellow
5ac60f7b-122e-4650-b1e6-694cf911be13,luxipers,5,baru pake🙂,2021-08-26 14:37:01+00,positive,2025-12-04 02:40:44.842332+00,Thursday ,4,Excellent,green
a4712451-56c8-425f-880c-f1e4fc980bb4,"05051984 Mardi",1,baru nyoba,2021-08-25 21:30:16+00,negative,2025-12-04 02:40:44.842332+00,Wednesday,3,Terrible,red
de365ef6-9099-4e6d-95b4-1b091e534a41,Fazrin Ramdani,5,Bagus,2021-08-25 04:16:55+00,positive,2025-12-04 02:40:44.842332+00,Wednesday,3,Excellent,green
ad49b210-2f1e-473c-904d-3db1dd5590df,toto soemarto,5,bagus,2021-08-20 21:31:01+00,positive,2025-12-04 02:40:44.842332+00,Friday   ,5,Excellent,green
d6985d00-2db6-4c3e-a06c-a9a76312887a,Rahmat Sastro,4,cucoo,2021-08-19 02:32:44+00,positive,2025-12-04 02:40:44.842332+00,Thursday ,4,Good,green
f0f7b8ad-ae16-4000-b67d-80a4c3ab6399,Indi Rahma Ardana,5,good,2021-08-16 10:59:38+00,positive,2025-12-04 02:40:44.842332+00,Monday   ,1,Excellent,green
b92fed57-4734-4d8e-950b-2edcbb8d2064,si Bolang888,5,the best aplicasi 👍🏼👍🏼👍🏼👍🏼,2021-08-13 16:06:54+00,positive,2025-12-04 02:40:44.842332+00,Friday   ,5,Excellent,green
7e1fdc59-a06b-47f4-b06c-28a112fd3b4d,Niko Prasetiyo,4,baru download semoga aja gaada kendala disaat penggunaan,2021-08-11 07:47:56+00,positive,2025-12-04 02:40:44.842332+00,Wednesday,3,Good,green
a746d65b-ab1f-4b3e-9ab2-c1529e4d7b89,Jumono (Mon),5,good,2023-03-25 14:23:50+00,positive,2025-11-12 08:54:31.460817+00,Saturday,6,Excellent,green
a4a1a858-2715-4e1f-8630-1aa5149314f7,Ramon Nick Wahab,5,Sangat membantu,2023-03-22 03:51:35+00,positive,2025-11-12 08:54:31.460817+00,Wednesday,3,Excellent,green
86f6ed66-d330-4c02-b164-7f1d2ca50f08,RUDI SOFIAN SARAGIH,5,ok,2023-03-20 07:34:17+00,positive,2025-11-12 08:54:31.460817+00,Monday,1,Excellent,green
d0d1eced-04f5-4fa8-8a22-16a30f928890,Laila Hasanah,5,niceee❤️,2023-03-20 04:21:36+00,positive,2025-11-12 08:54:31.460817+00,Monday,1,Excellent,green
781b7feb-47a0-41d4-8a3e-c613c77aba69,Yulia Damayanti,5,ok,2022-12-02 09:59:21+00,positive,2025-11-12 08:54:31.460817+00,Friday,5,Excellent,green
275e4b3b-07fa-456c-a338-836073d897ad,Imah 2808,5,sangat bagus,2022-11-29 02:23:24+00,positive,2025-11-12 08:54:31.460817+00,Tuesday,2,Excellent,green
8869d04a-d7f4-4379-a21c-032e4dbf90bf,Amir Ams,4,mencoba pelayanan,2022-05-08 02:05:36+00,positive,2025-11-12 08:54:31.460817+00,Sunday,7,Good,green
a0dc6201-2d0a-4c9c-a26c-96efcfa1e7b5,Muhammad Abdulla,5,keren bgt❤️❤️❤️,2022-05-07 18:36:50+00,positive,2025-11-12 08:54:31.460817+00,Saturday,6,Excellent,green
5e0a4f8d-3269-418d-a90a-7a7bbbf9297f,Hadi Aja,5,mantabs,2022-05-07 09:00:42+00,positive,2025-11-12 08:54:31.460817+00,Saturday,6,Excellent,green
896c0617-0b08-4579-80c0-43ca4cac4e76,narul cibe,5,ok,2022-05-07 04:29:05+00,positive,2025-11-12 08:54:31.460817+00,Saturday,6,Excellent,green
655a678c-cd6e-4d45-b340-d9c539bd8df7,Custom Interior,5,bagus dan cepat,2022-05-06 08:01:36+00,positive,2025-11-12 08:54:31.460817+00,Friday,5,Excellent,green
3ebf0b55-b7d1-4410-9915-f7aa3c2e621d,nana aji nugraha,5,Bagus sekali,2022-05-06 04:27:38+00,positive,2025-11-12 08:54:31.460817+00,Friday,5,Excellent,green
b9d52c9f-a9e0-494c-8481-eed612b0207c,Hadi Saputra,5,terima kasih,2022-05-03 12:26:18+00,positive,2025-11-12 08:54:31.460817+00,Tuesday,2,Excellent,green
4f886290-1d9c-43a3-93aa-75b3a64f1d46,Taufik Opik,5,sangat menggudukasi,2022-05-03 07:55:15+00,positive,2025-11-12 08:54:31.460817+00,Tuesday,2,Excellent,green
bc0166a6-f723-4a5b-aed8-73794e6b7365,Amin Arkhan,5,bagus banget,2022-04-09 12:31:46+00,positive,2025-11-12 08:54:31.460817+00,Saturday,6,Excellent,green
b33fca7d-1a62-4f69-a29c-6ce4b8ae1bc6,marsel manginsihi,5,baik,2022-04-09 08:48:07+00,positive,2025-11-12 08:54:31.460817+00,Saturday,6,Excellent,green
389d56c4-9829-4202-8e92-08579d6fe5e9,Adrian Haslan,4,bagus,2022-04-08 08:07:31+00,positive,2025-11-12 08:54:31.460817+00,Friday,5,Good,green
"0a4585c2-468c-4cfc-92a3-6612d85b711c",Ridwan Daeng Barrang,5,belum coba naik tapi katanya keren,2022-04-08 04:10:06+00,positive,2025-11-12 08:54:31.460817+00,Friday,5,Excellent,green
8d3b5297-5577-4bb8-9e6c-a31107d51e3c,Simaria Humendru,2,Aplikasinya lemott. 15 menit sebelumnya sdh buka aplikasi namjn lemott. Kita kan gak mungkin Pake wifi. Masakan harus lapor petugas buat lake wifi. Akan menghambat perjalanan untuk berangkat kerja. Please ini udah berkali2. Please solusi for tgis trouble. Kita senang pake aplikasi tali lemott nga minta ampun.,2022-03-28 02:56:07+00,negative,2025-11-12 08:54:31.460817+00,Monday,1,Poor,red
6aeab791-e0a8-48cc-83f7-ece016f5457f,Wildan Faiz X MIPA 5,5,sangat membantu,2022-03-16 05:02:58+00,positive,2025-11-12 08:54:31.460817+00,Wednesday,3,Excellent,green
4878281b-3eb8-4bda-98d3-0e5517a7636a,triendraweni Sunarko,5,bagus & sangat menikmati sekali dengan moda transportasi raya terpadu MRT Jakarta,2022-03-10 08:26:46+00,positive,2025-11-12 08:54:31.460817+00,Thursday,4,Excellent,green
3cd8bc58-02b1-4332-ab60-ced52c276b45,Muhammad Izal,5,aplikasi ini sangat membantu saya,2021-07-01 07:28:21+00,positive,2025-12-04 02:40:44.842332+00,Thursday ,4,Excellent,green
f71b98cf-6140-4c15-9f55-2f65f9df4a38,budi jaya,5,bagus,2021-06-27 12:23:58+00,positive,2025-12-04 02:40:44.842332+00,Sunday,7,Excellent,green
4d094855-7a53-4b1a-af40-85fc0866c135,Danar Prabowo,1,selalu error buat pembayaran dengan ovo,2021-06-27 00:05:06+00,negative,2025-12-04 02:40:44.842332+00,Sunday,7,Terrible,red
da53fc87-5ee7-4a1e-b3db-4c425a11e433,Raka,1,Pembelian online nya semakin membagong kan... Monopoli metode pembayaran pihak tertentu... Harusnya pemerintah turun tangan nie... Secara ini kan salah satu fasilitas strategis negara..,2024-04-27 00:57:09+00,negative,2025-11-12 08:54:31.460817+00,Saturday,6,Terrible,red
be827d00-bba5-4eb9-a1a2-e86fcf9c0ab4,ゼウスZ3US_CH,2,Tujuan bandung ga ada di aplikasinya,2024-04-23 11:59:54+00,negative,2025-11-12 08:54:31.460817+00,Tuesday,2,Poor,red
3ac4ba6b-e9a9-45b2-a9b8-7dd08d1adf4f,Robeert 3000,1,Kaga jelas keluar mulu pin sama kaga bisa gua kaga bisa pulang bangsatt,2024-03-19 12:04:54+00,negative,2025-11-12 08:54:31.460817+00,Tuesday,2,Terrible,red
ccb16741-b5dd-4945-8a5b-0488d386d424,Rifki Albukhori Pratama,1,Gak ada metode pembayaran via gojeg/dana gitu?,2024-03-08 14:04:27+00,negative,2025-11-12 08:54:31.460817+00,Friday,5,Terrible,red
84fb3d87-5ccb-4315-a1de-5c9913b80cbd,Muhammad Yongky Fernanda,5,Oke.,2024-02-28 03:21:18+00,positive,2025-11-12 08:54:31.460817+00,Wednesday,3,Excellent,green
8c28a16d-99af-4646-954b-2e2aefef09ab,/\\',1,"Karena jika opsi pengembang android aktif , aplikasi ga bisa dipakai.. tapi kalo opsi pengembang di android ga aktif hape lelet bukan main. Dan aplikasi ini mengharuskan opsi pengembang dalam keadaan non aktif. apakah pengguna aplikasi my MRTJ ini harus pengguna iphone?",2024-02-14 17:11:33+00,negative,2025-11-12 08:54:31.460817+00,Wednesday,3,Terrible,red
b07334fa-3714-49d9-ba0a-cc85179da7af,Rizki Kristalinaldi,1,"Jelek bgt masa cuma bisa bayar pake bank blu doang sama astrapay, bayak lho jenis pembayaran lainnya",2024-02-14 07:22:26+00,negative,2025-11-12 08:54:31.460817+00,Wednesday,3,Terrible,red
8c46aff2-154a-4deb-b569-60551ba5ecdc,Meisha K Mahardika,1,"Tiap bulan uptd trs, bukanya bgs makin eror tiap updt",2024-01-29 22:51:54+00,negative,2025-11-12 08:54:31.460817+00,Monday,1,Terrible,red
7c5f777a-6edd-44d8-b9a1-9897591a4d32,Notsie,2,Metode pembayaran Diperbanyak bisa gak sih... Apps jaman now masa ngebatasin pengguna Segitunya 😅,2024-01-28 01:24:00+00,negative,2025-11-12 08:54:31.460817+00,Sunday,7,Poor,red
8ad7e6d2-1957-47bb-9988-a490fed90a85,Dodi Maruba,1,Ga bisa pake gopay lagi auto uninstall.. tak minat lagi,2023-09-03 09:36:48+00,negative,2025-11-12 08:54:31.460817+00,Sunday,7,Terrible,red
"03f489f3-6bde-4de1-8454-7c58a5f736b7",Wildy Ahmad Fayadhi,1,tidak ada angin tidak ada hujan tiba2 saat konfirmasi PIN malah muncul pesan *nomor anda di block sementara selama 15 menit*,2023-09-03 03:01:44+00,negative,2025-11-12 08:54:31.460817+00,Sunday,7,Terrible,red
474e2456-07ee-4818-83aa-dfe7f4e4b061,Eko Agus Tiar Lawitra,1,"pagi masih bisa login, bisa beli tiket. setelah sampai stasiun mrt lebak bulus aplikasi gak bisa kebuka 🤣👍 mau gak mau beli kartu MTT di stasiun.. rugi 11 ribu buat perjalanan ke kantor. kejadian kyk gini gak sekali 2 kali.. untung gede yaaa 🤣",2023-03-28 11:20:45+00,negative,2025-11-12 08:54:31.460817+00,Tuesday,2,Terrible,red
"0a281187-cf40-4588-88a8-522ee7e68b73",trinanda deswati,5,mantap,2023-03-24 14:19:07+00,positive,2025-11-12 08:54:31.460817+00,Friday,5,Excellent,green
11801172-86fd-4817-af57-0f52c723a0f3,Aelthea Santoso,4,agak ribet registrasinya,2023-03-22 05:36:22+00,positive,2025-11-12 08:54:31.460817+00,Wednesday,3,Good,green
71b4710a-e0e2-4e61-bec5-99e066ac9b6a,Hamalif Rian,5,good transportation,2023-03-19 03:06:42+00,positive,2025-11-12 08:54:31.460817+00,Sunday,7,Excellent,green
615f9d1f-233b-46c3-8744-a08773c6078b,Agung DJes,5,Good app.,2021-06-26 23:35:05+00,positive,2025-12-04 02:40:44.842332+00,Saturday ,6,Excellent,green
a37629bc-fe79-4a1f-b4e8-cecbf60e1708,Nia Kalangi,5,Ok,2024-01-25 06:02:52+00,positive,2025-11-12 08:54:31.460817+00,Thursday,4,Excellent,green
ef0b1fd2-7e47-4beb-ba2b-15e899d1fc19,dani setiawan,1,gembel,2021-06-24 05:32:42+00,negative,2025-12-04 02:40:44.842332+00,Thursday ,4,Terrible,red
abe7e476-0e26-4e45-b7e0-d2425fc85a56,vella aprianingroem,5,keren,2023-03-17 00:06:13+00,positive,2025-11-12 08:54:31.460817+00,Friday,5,Excellent,green
"0ac11038-5430-49b2-9fbe-5f27684dd135",Sigitganteng Sigit,5,MRT Jakarta,2023-03-16 06:23:17+00,positive,2025-11-12 08:54:31.460817+00,Thursday,4,Excellent,green
9c9324cc-50d5-4017-b1d4-2cd80eb22312,Gasbim Corp,5,Luar Biasa Dahsyat,2023-03-08 22:24:44+00,positive,2025-11-12 08:54:31.460817+00,Wednesday,3,Excellent,green
e3cd8b10-2431-4acb-9302-babb66cb7322,Herman Akbar,5,good,2023-03-07 13:33:21+00,positive,2025-11-12 08:54:31.460817+00,Tuesday,2,Excellent,green
8c69beb7-90a7-4ecf-99a0-3d291dfeb65a,Iyan Laela,5,ok,2023-03-06 13:22:25+00,positive,2025-11-12 08:54:31.460817+00,Monday,1,Excellent,green
5ba44b10-71e1-4e2c-9b57-66163e4838e5,Eving Agus,1,Susah amat daftar ny,2023-03-05 10:52:25+00,negative,2025-11-12 08:54:31.460817+00,Sunday,7,Terrible,red
438e8347-f012-49fe-b4ac-3e1a3e59a640,abdul rohim,3,"mau daftar aja susdah banget, g muncul"" kode dari sms",2023-03-04 14:56:13+00,neutral,2025-11-12 08:54:31.460817+00,Saturday,6,Average,yellow
e94efd9c-fe2c-451b-adff-6f55e3c74dcd,Safril Chahyadi,5,good job,2023-03-02 10:40:05+00,positive,2025-11-12 08:54:31.460817+00,Thursday,4,Excellent,green
efcd70ae-29e3-4146-8c2e-64272d8346f7,Reynaldy Syaputra,5,good job,2023-02-01 23:59:34+00,positive,2025-11-12 08:54:31.460817+00,Wednesday,3,Excellent,green
c5227a8b-fa80-4b9e-8fb6-8d2f272006b9,Mass Doniel,5,bagus,2022-10-19 21:13:02+00,positive,2025-11-12 08:54:31.460817+00,Wednesday,3,Excellent,green
38801df9-4144-43b2-b77a-519fcdbdc17b,Irmansyah Irmansyah,5,mantappp,2022-10-19 11:40:22+00,positive,2025-11-12 08:54:31.460817+00,Wednesday,3,Excellent,green
7c841535-91e6-4a9e-b593-a4e4e9a97b26,Uli ardell,5,Bagus,2022-05-04 06:20:40+00,positive,2025-11-12 08:54:31.460817+00,Wednesday,3,Excellent,green
899c73f3-5a56-4b21-9486-cdffe6c61a6e,Indratno kawit,5,bagus mantab,2022-05-04 00:22:47+00,positive,2025-11-12 08:54:31.460817+00,Wednesday,3,Excellent,green
"07b3706f-b245-4314-ac4d-2d002e306d4a",Arya Bratha,5,being forwarf,2022-04-07 10:15:02+00,positive,2025-11-12 08:54:31.460817+00,Thursday,4,Excellent,green
7725cfcf-f889-456e-9261-d7a672eb8b9e,Oktavian Surya Pramono,5,The Best,2022-04-04 22:31:40+00,positive,2025-11-12 08:54:31.460817+00,Monday,1,Excellent,green
ea0fc228-0095-49b7-8ae8-5dee486b717d,Randi (Randi),5,MANTAP,2022-04-02 02:40:46+00,positive,2025-11-12 08:54:31.460817+00,Saturday,6,Excellent,green
ff2b58a5-fe31-4d40-b32c-0b86d704c0d2,Irtsani Maulana,5,bagus bangt,2021-06-19 10:02:25+00,positive,2025-12-04 02:40:44.842332+00,Saturday ,6,Excellent,green
128a98f9-c346-4595-9776-e5ff3d4cf3c0,Nova Natalia,5,Mempermudah pembelian tiket dan pembayarab tanpa antri,2021-06-15 13:11:54+00,positive,2025-12-04 02:40:44.842332+00,Tuesday  ,2,Excellent,green
28c0a3aa-293f-4da2-92ac-159b13bb734d,ayu fadilah,5,pelayanan yang sangat baik,2021-06-14 16:12:05+00,positive,2025-12-04 02:40:44.842332+00,Monday   ,1,Excellent,green
d2874a3e-39db-489e-92a4-a242b5307bfc,Hermawan DM,1,tidak praktis... harus nya tinggal scan QR code seperti KRL,2021-06-20 22:55:33+00,negative,2025-12-04 02:40:44.842332+00,Sunday,7,Terrible,red
7c07e95b-8f29-4bf4-acf8-26db5912726c,ahmad toyep,5,good,2021-06-20 01:00:12+00,positive,2025-12-04 02:40:44.842332+00,Sunday,7,Excellent,green
2abdb266-0812-4b42-94ca-984ac721fe4f,Kusma Watie,5,bagus,2022-04-01 07:31:51+00,positive,2025-11-12 08:54:31.460817+00,Friday,5,Excellent,green
31d96946-321c-4fed-8c6b-9a4d305a0617,Ayuki Belva,5,usefull,2022-04-01 06:34:44+00,positive,2025-11-12 08:54:31.460817+00,Friday,5,Excellent,green
6b111e0c-9d5d-49fd-a22a-700afdec3231,faris,4,mulai bagus apk nya.. jaya terus mrt jakarta :),2022-04-01 02:12:36+00,positive,2025-11-12 08:54:31.460817+00,Friday,5,Good,green
9be0ca4b-b1f8-486a-b039-da4ba7980acd,Mohammad Fandi,4,maksimal,2021-06-13 00:39:20+00,positive,2025-12-04 02:40:44.842332+00,Sunday,7,Good,green
35f1aa34-96f7-4179-884f-833c9834cd5a,arif alfian,1,"Untuk info tenant, tolong infokan daftar menu dan pricelist nya.. Misalnya ketika kita klik hypr caffein, muncul daftar menu dan harga nya. Terima kasih",2024-01-22 21:31:32+00,negative,2025-11-12 08:54:31.460817+00,Monday,1,Terrible,red
f8104fe2-8aa7-4c99-b148-11ce3f9035e2,yudi hata,1,Gk bs bayar pake blu,2024-01-20 10:12:39+00,negative,2025-11-12 08:54:31.460817+00,Saturday,6,Terrible,red
d99210ae-f5da-4de0-bc43-d16b480a5537,Krisna Bayu,1,"mode pembayarannya terbatas, tolong dong di perluas lagi",2024-01-09 14:17:50+00,negative,2025-11-12 08:54:31.460817+00,Tuesday,2,Terrible,red
20e3f6ef-c9b8-4389-9f34-b2a990ea3bff,Suhana SuhanaRDS,5,Ok Faster,2023-03-02 09:41:03+00,positive,2025-11-12 08:54:31.460817+00,Thursday,4,Excellent,green
150943d3-d5a0-4636-8049-25db4e275991,mokhamad fanani,5,mudah digunakan,2023-03-01 22:45:58+00,positive,2025-11-12 08:54:31.460817+00,Wednesday,3,Excellent,green
1c7ab731-1276-408a-b083-bee032fe540a,Root System,5,ok,2023-03-01 05:11:35+00,positive,2025-11-12 08:54:31.460817+00,Wednesday,3,Excellent,green
264d274e-dec4-4a36-8dff-6ff977137ccb,Kandangsapi Bejoperah,5,mantap,2023-02-26 05:36:01+00,positive,2025-11-12 08:54:31.460817+00,Sunday,7,Excellent,green
7ff75f4a-7903-478c-8d71-4fb869e7fe09,Muhammad nurul Fikri,2,"Tolong donk bagian IT nya atau developer nya untuk memperbaiki masalah teknis seperti kode referalnya gk muncul muncul Maaaf diksh 2 bintang, mau mempermudah naik MRT malah jd sulit",2023-02-26 05:10:43+00,negative,2025-11-12 08:54:31.460817+00,Sunday,7,Poor,red
7aa58847-66fc-4a81-92cd-0e4029187572,jonbudi,5,top,2023-02-26 03:44:35+00,positive,2025-11-12 08:54:31.460817+00,Sunday,7,Excellent,green
54d95dc3-a1c2-44e7-bcbd-2677d6b613d2,Danu Hariyanto,5,mantap,2023-02-25 10:46:48+00,positive,2025-11-12 08:54:31.460817+00,Saturday,6,Excellent,green
1cdb7ee5-7f20-4bed-b549-8696a0373718,Gunawan Hasyim,5,"Menunjang transportasi yg handal, solusi mencegah bertambahnya kemacetan.",2023-02-24 16:59:22+00,positive,2025-11-12 08:54:31.460817+00,Friday,5,Excellent,green
894da40c-c7fc-4ebb-a5fc-b5f43acff4f5,Ridwan Hakim,1,Aplikasi apaan kode otpnya ga muncul,2023-02-23 23:17:50+00,negative,2025-11-12 08:54:31.460817+00,Thursday,4,Terrible,red
86b26959-f9c8-4f10-a1a2-367c26a51636,Erna Wati,5,wih keren ngebantu,2023-02-23 18:15:52+00,positive,2025-11-12 08:54:31.460817+00,Thursday,4,Excellent,green
8617b0e6-5891-41d9-b052-52bf01bb33c9,apri yanto,5,good apps,2023-02-22 00:01:15+00,positive,2025-11-12 08:54:31.460817+00,Wednesday,3,Excellent,green
75b1d138-25a3-4144-a9b8-24d00af85e99,Genius Al saddam,5,Good right now so because succeses full,2023-02-21 08:33:58+00,positive,2025-11-12 08:54:31.460817+00,Tuesday,2,Excellent,green
"0562d2ef-28b5-461b-ac06-eb5ad97ccfa7",Hindunkurnia Sabila,5,Pengalaman bersama teman menciba naik Mrt,2023-02-20 12:57:19+00,positive,2025-11-12 08:54:31.460817+00,Monday,1,Excellent,green
d9ba4529-d7bf-4907-be57-f0870c6791e5,Irsal Yusuf,5,pelayanan bagus,2023-02-20 08:18:07+00,positive,2025-11-12 08:54:31.460817+00,Monday,1,Excellent,green
cd256f4e-3306-4695-b866-80e62ca8cc62,Asmul Oktavian,5,oke,2023-02-19 07:32:50+00,positive,2025-11-12 08:54:31.460817+00,Sunday,7,Excellent,green
aadbe418-523d-4112-afe0-3543c536fe90,Isdi yati,4,keren,2023-02-18 10:41:50+00,positive,2025-11-12 08:54:31.460817+00,Saturday,6,Good,green
22f5869a-d795-4096-af5b-fc180fa3a7ce,Madroni Roni,5,bagus,2023-02-15 22:06:06+00,positive,2025-11-12 08:54:31.460817+00,Wednesday,3,Excellent,green
38309584-e91e-45ad-a416-51148ac8c7b9,Maryana Yana,5,terimakasih jakarta sehat selalu ya,2021-06-12 23:30:02+00,positive,2025-12-04 02:40:44.842332+00,Saturday ,6,Excellent,green
"0b6f5b06-85fb-4572-8399-e04df75ff304",norma dwi puspita,1,"Kalau misalkan aplikasi tidak dipakai, lebih baik di nonaktifkan saja di playstore. Menyusahkan saja. Tidak ada pemberitahuan juga",2024-01-09 11:44:32+00,negative,2025-11-12 08:54:31.460817+00,Tuesday,2,Terrible,red
edfdbae4-391c-4b53-a772-594643b390e7,Di Di,1,"Aplikasi sangat merugikan, lebih dari 5 kali dengan kasus yg sama ketika saat melakukan pembayaran melalui isaku seperti terjadi trouble dan gagal sehingga saya mengetik ulang dan melakukan pembayaran lg, alhasil sy beli 2 tiket yg sma padahal yg pertama trauble.rugi bnget si. Akan saya uninstall sih.gak berguna",2024-01-09 08:16:56+00,negative,2025-11-12 08:54:31.460817+00,Tuesday,2,Terrible,red
3fe057c3-71a1-4752-bab4-e1a8b2be6dbf,Ridho Nur Hidayat,1,Metode pembayaran terbatas. Bikin males.,2024-01-04 05:22:04+00,negative,2025-11-12 08:54:31.460817+00,Thursday,4,Terrible,red
d3b09fe9-bd63-4b6a-9d08-1ec5a733f3ac,novi ramdhani,5,crooot,2023-06-19 05:23:29+00,positive,2025-11-12 08:54:31.460817+00,Monday,1,Excellent,green
613d21b2-c6d4-42f7-a02f-06d293cc9836,A Zaini Pelayan NKRI,2,good,2023-02-12 07:40:23+00,negative,2025-11-12 08:54:31.460817+00,Sunday,7,Poor,red
62fe42a9-4bf1-41d9-9de5-1ca00a5d18e5,Darwis Rodja,5,mantap,2023-02-12 03:02:04+00,positive,2025-11-12 08:54:31.460817+00,Sunday,7,Excellent,green
19ff5174-39f0-4fdc-a067-3d371badff80,Dalton Budi,1,Ga niat bgt bikin aplikasi nau dftr aja kaga bisa..,2023-02-10 04:19:56+00,negative,2025-11-12 08:54:31.460817+00,Friday,5,Terrible,red
ab0d9de6-2e0d-479e-b057-52519c8ec15f,Rino Hermawanto,5,Pelayanan Penjualan Ticket tidak buka.,2023-02-09 11:45:28+00,positive,2025-11-12 08:54:31.460817+00,Thursday,4,Excellent,green
4b98623f-29e7-4513-98d8-233da5d0f454,willy agus,5,ok,2023-02-09 04:01:40+00,positive,2025-11-12 08:54:31.460817+00,Thursday,4,Excellent,green
b6b6f8fc-82de-4f07-b6ee-bb884cc1566a,Dwi Bagus,5,mantap,2023-02-07 02:50:44+00,positive,2025-11-12 08:54:31.460817+00,Tuesday,2,Excellent,green
3d427ef2-abe1-4f7a-b4c4-9c4c49e51636,Nur hasan,5,mencoba menggunakan aplikasi mrtj,2021-06-12 20:07:18+00,positive,2025-12-04 02:40:44.842332+00,Saturday ,6,Excellent,green
1e84241f-8cd5-4bc5-9d79-022dba1e3124,Supri Yono,5,top,2021-06-11 01:16:22+00,positive,2025-12-04 02:40:44.842332+00,Friday   ,5,Excellent,green
8a34fd65-c5da-4ada-b435-d7a30de56bdf,Hammad Fikri,5,sangatt terbantu,2021-06-10 15:57:47+00,positive,2025-12-04 02:40:44.842332+00,Thursday ,4,Excellent,green
fdf46583-b851-40be-9e50-b48cb2e21491,intan sukmana putri,1,Tadinya aplikasi ini membantu saya banget tp sekarang menyusahkan saya login berkali kali gabisa reset pin sudah coba login lagi gabisa tolong lah MRT gmn nih parah,2021-06-10 08:52:19+00,negative,2025-12-04 02:40:44.842332+00,Thursday ,4,Terrible,red
e970db62-f900-48c3-a393-697836589843,Wie Mamas,5,jos,2023-02-05 23:44:14+00,positive,2025-11-12 08:54:31.460817+00,Sunday,7,Excellent,green
20eea850-ae1d-4afe-8054-5280005c4c87,Heru Sudiono,5,good,2023-02-05 05:54:51+00,positive,2025-11-12 08:54:31.460817+00,Sunday,7,Excellent,green
dd2f5c0f-39a4-4bfb-8530-d13abd655161,sodikin aja,5,ok,2023-02-04 10:18:24+00,positive,2025-11-12 08:54:31.460817+00,Saturday,6,Excellent,green
d365f882-4c50-4040-8b6c-d49759361da7,Yurika hening Ariani,5,good,2023-02-04 08:10:40+00,positive,2025-11-12 08:54:31.460817+00,Saturday,6,Excellent,green
"0f0eac22-5189-4f1c-88d9-a8a0cc6a9155",Priyo Jatmiko,5,mantab,2023-02-04 07:54:59+00,positive,2025-11-12 08:54:31.460817+00,Saturday,6,Excellent,green
9bbe9ff6-aad7-4538-a326-be7f997e39e7,Iqbal Husein,5,baik,2021-06-05 12:03:12+00,positive,2025-12-04 02:40:44.842332+00,Saturday ,6,Excellent,green
5fcb193d-4433-46d3-a5cb-74a8b90a9508,Sunan Garut,5,Bersih,2021-06-03 10:08:42+00,positive,2025-12-04 02:40:44.842332+00,Thursday ,4,Excellent,green
c8a638b6-b6f9-4988-b07a-494674363d7f,muhamad rohmani,1,Gila nyusahin. Aplikasi sampah ga guna,2024-01-02 12:16:50+00,negative,2025-11-12 08:54:31.460817+00,Tuesday,2,Terrible,red
b27cdc76-d7ca-4b41-8c4f-3e6945d7dad7,Tuan Rahmat,1,"Instal langsung delete, opsi pembayaran kurang banyak",2023-12-31 12:00:24+00,negative,2025-11-12 08:54:31.460817+00,Sunday,7,Terrible,red
946cf169-a06a-4368-93a2-1083d9a71aa6,Sulistiono,1,Pembayaran sekarang ribet. Ga bsa pake dana.,2023-12-31 10:18:00+00,negative,2025-11-12 08:54:31.460817+00,Sunday,7,Terrible,red
9a69f4f5-45a1-470b-a39e-2f2bb63f2026,doncandraa,3,Moda Raya Terpadu Jakarta,2023-12-28 11:18:46+00,neutral,2025-11-12 08:54:31.460817+00,Thursday,4,Average,yellow
43f74d6f-c147-4082-96d8-e2d9d6fba180,Honey Queen,1,"Top up nya g lengkap, g bs pke e wallet laen",2023-12-23 06:44:53+00,negative,2025-11-12 08:54:31.460817+00,Saturday,6,Terrible,red
97d3158f-931b-48e9-a196-6a03db973364,Purna Yudha,2,Aplikasi nya parah jelek bgt. sering bgt tiap bulan perbarui aplikasi gk bisa di akses nya sering bgt,2023-12-13 03:12:26+00,negative,2025-11-12 08:54:31.460817+00,Wednesday,3,Poor,red
efd65dbc-b7fa-4cd2-b09e-b0a24ad2bfd3,Putra Pw,1,Setelah update malah metode pembayaran nya cuma 2 opsi ewallet dan 1 bank.. Mana g umum tuh ewallet nya.. Ayolah tambahin.. Malah males naik mrt,2023-12-09 11:35:49+00,negative,2025-11-12 08:54:31.460817+00,Saturday,6,Terrible,red
7183c1b8-7971-4706-abed-66e621301490,Muhammad Ariq Muafan,3,"Opsi pembayaran kini malah tambah dikit, harusnya bisa gopay, ovo, shopee, debit, kredit, cash (biasanya lwt indo/alfa), atau VA.",2023-12-05 11:31:36+00,neutral,2025-11-12 08:54:31.460817+00,Tuesday,2,Average,yellow
d84dfd35-a6ba-4139-8b45-69e56f5981b2,Bian Adhi Prasetyo,1,Bodooh bodoooh.. buat bayar aja susaaaah...,2023-12-03 05:31:48+00,negative,2025-11-12 08:54:31.460817+00,Sunday,7,Terrible,red
a40ffa91-c820-4598-aa99-9c33c1eaf935,Nabila Kamelia,1,gak bisa di akses.,2023-12-03 00:29:31+00,negative,2025-11-12 08:54:31.460817+00,Sunday,7,Terrible,red
3e76da02-0636-4728-aee5-141d26ed3cea,uray mega,5,bagus,2023-11-27 10:50:37+00,positive,2025-11-12 08:54:31.460817+00,Monday,1,Excellent,green
ca280857-6ef4-4c39-8f38-54d6141c2c55,Hanya Sebuah Nama,1,Metode pembayaran kurang update,2023-11-25 20:48:03+00,negative,2025-11-12 08:54:31.460817+00,Saturday,6,Terrible,red
481d4d66-1457-4a75-8137-e73ebf1881f1,DR FAJAR SH SE MK AKMIL AKPOL S.I.K,5,Sangat berguna bagi rakyat,2023-11-24 22:42:04+00,positive,2025-11-12 08:54:31.460817+00,Friday,5,Excellent,green
8ee898d1-91fe-4c5a-add2-ad5a27d66f4a,Anis Bonitasari Ikromina,1,Cara pembayaran sangat terbatas,2023-11-23 12:47:09+00,negative,2025-11-12 08:54:31.460817+00,Thursday,4,Terrible,red
2a5ba2a9-419b-493b-a13c-00a365027054,shafa fatikhatur rahma,1,"Sudah gabisa pake dana lagi dibuat untuk memudahkan, tetapi sekarang malah makin menyulitkan, tolong adakan lagi metode pembayaran E-wallet lainnya",2023-11-22 10:16:18+00,negative,2025-11-12 08:54:31.460817+00,Wednesday,3,Terrible,red
725a0aa3-fb28-40b3-ab0b-bd161cc448cf,Darma Putra,1,Aplikasi pegembang apaannnn,2023-11-11 07:42:38+00,negative,2025-11-12 08:54:31.460817+00,Saturday,6,Terrible,red
cebfdcaf-a35b-4448-bd85-e65758f2e368,Rimba an,5,good,2023-02-25 05:50:07+00,positive,2025-11-12 08:54:31.460817+00,Saturday,6,Excellent,green
f142f6fc-eae1-41fe-9d4d-84fedf764052,Rani Fitrah,1,Sering error,2022-10-25 11:18:07+00,negative,2025-11-12 08:54:31.460817+00,Tuesday,2,Terrible,red
46e208c5-6314-4de2-a0f2-325366a926d6,Dimas Budi Pangestu,1,"menyusahkan, metode pembayaran nya tidak familiar",2024-03-26 01:51:21+00,negative,2025-11-12 08:54:31.460817+00,Tuesday,2,Terrible,red
b0a04d25-b51d-4d93-8842-ff958e18c5ca,evi kurniawati,2,"Uninstalllll ! Makin susah buat topup dan pembayaran, cuman bisa 3 ewallet yg gak tenar. Jarang banget orang pakai astrapay sama isaku. Jaman makin maju tp MRT malah makin mundur. Harusnya pembayaran bisa pakai TF bank dan e wallet populer seperti gopay, ovo, shopeepay. Harusnya semuanya dibuat untuk memudahkan orang, bukan malah mempersulit.",2023-11-06 02:13:32+00,negative,2025-11-12 08:54:31.460817+00,Monday,1,Poor,red
314b1501-989f-4b73-8414-81c4d47443d2,Handito Yoga,3,"saya pnya usaha sampingan jualan hp 2nd dan udah 1,5 tahun ngandelin MRT buat meet up sama pembeli di Stasiun MRT.. biasanya saya meet up (COD) di pintu pembatas tap masuk MRT dan gak kluar stasiun, itu udah selalu sy lakuin dan pas balik ke stasiun tmpat saya tap out gk prnah diminta beli tiket lagi.. baru kali ini (15/1/2023) saya gk bisa tap kluar , trus diminta sama petugas cewek pke hijab n kacamata di MRT Blok A jam 15.18 buat beli tiket lagi.. yg ternyata sama aja gak bisa tap out..",2023-01-15 09:05:48+00,neutral,2025-11-12 08:54:31.460817+00,Sunday,7,Average,yellow
541d3411-4b68-4fb7-88d9-d91f2855e033,syahril sidik,5,lumayan sangat membantu,2023-01-13 22:00:56+00,positive,2025-11-12 08:54:31.460817+00,Friday,5,Excellent,green
38ec1986-f417-4348-bdd0-503992c3fe7d,Ahmad Lutfi,5,transportasi publik yang nyaman dan cepat,2023-01-13 03:58:29+00,positive,2025-11-12 08:54:31.460817+00,Friday,5,Excellent,green
1092843e-49c9-4216-a0fa-67b37f4a3a96,Muhammad Fajar Ramadhan (Fajar),5,bagus sih untuk melihat rute MRT,2021-06-02 23:27:04+00,positive,2025-12-04 02:40:44.842332+00,Wednesday,3,Excellent,green
873d43f2-1e04-48dc-80bc-16c56b08a3e2,Dita Mbem official,5,di,2021-06-01 15:55:19+00,positive,2025-12-04 02:40:44.842332+00,Tuesday  ,2,Excellent,green
c670b701-1e77-4329-bbea-ebfbcf18d56d,Hazid Nurdana,5,bersih beut,2021-05-31 11:39:48+00,positive,2025-12-04 02:40:44.842332+00,Monday   ,1,Excellent,green
2adda04a-4593-40c4-b2f9-1a8e55b31cdc,Anggit Purwanto,1,"Gangguan kok pagi pagi di saat orang buru buru dan sedang sibuk..ga bisa malam ya gangguannya.. Kasih dong notifikasi,seperti sms blast atau WA blast biar pengguna MRT tau klo mau gangguan..nyusahin Lama2 kagak laku ni MRT",2021-05-27 01:34:39+00,negative,2025-12-04 02:40:44.842332+00,Thursday ,4,Terrible,red
de250518-d3e6-4953-a50b-2a5ff4a89bca,yul asa putra,3,semoga bisa lebih baik lagi,2021-05-25 05:05:01+00,neutral,2025-12-04 02:40:44.842332+00,Tuesday  ,2,Average,yellow
85ced593-ad53-4cbd-9b00-c523656bb20b,Fairus Muhamim,5,keren,2021-05-24 06:24:28+00,positive,2025-12-04 02:40:44.842332+00,Monday   ,1,Excellent,green
c01f3c3b-4dc8-4337-99bd-c7908336924f,Zinda Lana,5,mantap keren aplikasinya,2021-05-24 04:14:40+00,positive,2025-12-04 02:40:44.842332+00,Monday   ,1,Excellent,green
ac2c0d55-c486-477c-9023-3956cbdfd07f,Mulyadi Mulyadi,5,👌,2021-05-30 08:31:07+00,positive,2025-12-04 02:40:44.842332+00,Sunday,7,Excellent,green
3643c63f-2991-4f6f-9224-f8b623923a27,Basuki Sri Wantoro,5,"semoga bisa lebih berkembang lagi, khususnya perbanyak promo/diskon, spt 10x perjalanan gratis 1x perjalanan. tks",2021-05-30 05:11:53+00,positive,2025-12-04 02:40:44.842332+00,Sunday,7,Excellent,green
46ea58b1-ef07-412b-889c-8187c4eb49d9,Abdul Malik,5,ok oce,2021-05-03 18:33:23+00,positive,2025-12-04 02:40:44.842332+00,Monday   ,1,Excellent,green
a7dafbc3-3043-4c25-aa2d-84b62a11f58e,Muhammad Rafji,5,Mantap,2021-05-03 09:48:46+00,positive,2025-12-04 02:40:44.842332+00,Monday   ,1,Excellent,green
36d80d09-5bec-4ea3-b510-d3e3efc8ec34,eva komala,5,ISTRI Wedding,2023-10-28 03:13:28+00,positive,2025-11-12 08:54:31.460817+00,Saturday,6,Excellent,green
67e9bcb7-cdea-4859-8009-0bc986e6e4ca,Melia Dwi,1,"semakin pembaharuan aplikasinya kok metode pembayarannya semakin ilang2an, pakai yg general aja dong, ovo gopay blu.",2023-08-31 01:38:55+00,negative,2025-11-12 08:54:31.460817+00,Thursday,4,Terrible,red
509f70c5-ecfb-40ca-9c0a-7edcc2f30876,Sjamsul Komar,3,tingkatkan pelayanan yang sudah ada,2022-12-20 06:15:55+00,neutral,2025-11-12 08:54:31.460817+00,Tuesday,2,Average,yellow
3c3bfc52-b30e-4093-8ecf-75ee9e524b46,Sulthan Nashir,5,good,2022-12-20 05:17:07+00,positive,2025-11-12 08:54:31.460817+00,Tuesday,2,Excellent,green
"0679c04d-9399-41b6-965a-6b82532390fa",Sentot Iman Setiaji,5,ok,2022-12-19 00:22:14+00,positive,2025-11-12 08:54:31.460817+00,Monday,1,Excellent,green
cee5cdd7-a556-405c-bc9f-cea3ebc9d3a5,Lili Novianti,4,baru pertama menggunakan aplikasi ini,2022-12-18 12:47:56+00,positive,2025-11-12 08:54:31.460817+00,Sunday,7,Good,green
a90d5bca-4acf-4baf-ae1a-1e56beaec781,Milyatul Ulum,3,moga lancar ya karena aq belum pernqh coba,2022-12-18 12:14:41+00,neutral,2025-11-12 08:54:31.460817+00,Sunday,7,Average,yellow
2c84a1fd-4f96-4b6a-8763-c43ca2d229cc,Fajar Sidik,1,Gak bisa registrasi sama sekali.. Ribet,2022-12-18 01:51:25+00,negative,2025-11-12 08:54:31.460817+00,Sunday,7,Terrible,red
f50aa222-2491-4dea-8ebf-e8b84ada1a1b,Riga Al Amin,1,"Sudah pernah daftar, pakai ni aplikasi, dan di minggu berikutnya pas mau login selalu error apps. Emang beda ya rada ga niat bikin mudah segala hal. Agak super ribet error terus.",2022-12-18 01:27:15+00,negative,2025-11-12 08:54:31.460817+00,Sunday,7,Terrible,red
e81a20a1-a79f-4c94-9147-2ad527688982,Rendy Tyas,1,"Aplikadi bego ,baru di download udah eror",2022-12-17 13:46:50+00,negative,2025-11-12 08:54:31.460817+00,Saturday,6,Terrible,red
e8900217-3812-41b7-98d2-bb9e472df579,Muhammad Ferdy,1,"Aplikasi error, harap diperbaiki secepatnya.",2022-12-17 13:13:36+00,negative,2025-11-12 08:54:31.460817+00,Saturday,6,Terrible,red
62f2c746-5df9-4738-abe3-8c4265ee7ebc,"03. Ahmad Rayhan",1,Rip 4 digit code,2022-12-16 14:14:45+00,negative,2025-11-12 08:54:31.460817+00,Friday,5,Terrible,red
8c5a40e2-a4c0-4f23-8979-07569907808b,Danu Rizqi Armanza Hasan,1,Jelek bet asli,2022-12-16 13:33:19+00,negative,2025-11-12 08:54:31.460817+00,Friday,5,Terrible,red
ffae5aa5-6bcd-4dc3-986c-0e1e9749e9ba,Shota Sagara,1,"Tolong bos, kalo release app dicek dulu internalnya, masa mau masuk aja ga bisa.. udah release aja ke publik. Mana pake review palsu buat muji2 lagi.",2022-12-14 05:27:54+00,negative,2025-11-12 08:54:31.460817+00,Wednesday,3,Terrible,red
a19e4fd4-083c-408d-b59a-d5030dcd75a5,moo momogy,1,Applikasi payah...tutup aj Katro Tidak bisa registrasi ulang..,2022-12-13 05:06:31+00,negative,2025-11-12 08:54:31.460817+00,Tuesday,2,Terrible,red
42ce4244-3f93-4603-a461-89cb860804f2,Nidya Paramita,5,amazing love bngt,2022-12-12 15:29:45+00,positive,2025-11-12 08:54:31.460817+00,Monday,1,Excellent,green
e0641f58-f16c-4dfa-9e4c-6c37376ea84b,Arysandi Pp,1,Gak bisa daftar,2022-12-10 14:30:19+00,negative,2025-11-12 08:54:31.460817+00,Saturday,6,Terrible,red
2e9e58c3-8596-47e7-8e80-a3418987e718,muhammad arofik,5,jioss,2022-12-07 08:18:55+00,positive,2025-11-12 08:54:31.460817+00,Wednesday,3,Excellent,green
2f769181-a94d-4407-8ca4-5de3fb9b9ce5,Maryam Mery,5,Alhamdulillah,2022-12-06 10:20:44+00,positive,2025-11-12 08:54:31.460817+00,Tuesday,2,Excellent,green
a3095028-80f6-42ad-9fee-4bff05723b02,roni reynaldi,5,kerenn,2021-05-03 01:29:36+00,positive,2025-12-04 02:40:44.842332+00,Monday   ,1,Excellent,green
5887b565-d63a-445a-98ec-b84f7a0ce789,poemdth,3,"Proses pembayaran sering error, pernah masalahnya akun ewallet saya terhubung dengan akun lain (padahal gak pernah pake isaku atau astrapay di akun lain) pernah juga gagal lakukan pembayaran dengan notif ""pembayaran menggunakan tix id error"" lah kok tiba2 tix id sih. Random amat. Setelah coba sekali lagi, berhasil, tapi tiket yg saya pesan malah jadi double entah gimana ceritanya, dan gak bisa dibatalkan. Mantap.",2023-10-24 04:54:42+00,neutral,2025-11-12 08:54:31.460817+00,Tuesday,2,Average,yellow
4230b5a7-618e-495b-9081-61ea31253b8e,Hansen,1,Aplikasi jelek tidak bisa di pakai,2023-10-22 10:15:53+00,negative,2025-11-12 08:54:31.460817+00,Sunday,7,Terrible,red
7ecd4e0f-cb5c-4f97-8fad-6abc70e0025f,Minh Khai,1,makin updat makin aneh ini aplikasi metode pembayarannya yang praktis digunakan malah dihapus,2023-10-19 03:13:33+00,negative,2025-11-12 08:54:31.460817+00,Thursday,4,Terrible,red
8d670a91-2a0c-4fbe-880d-8f2fc81d8aa7,Dandi Rukmana,1,"Sering eror, transaksi pakai blu sudah berhasil, tapi tiket tidak muncul. Fitur doang diupdate tapi tidak berfungsi dengan baik.",2023-08-31 00:20:42+00,negative,2025-11-12 08:54:31.460817+00,Thursday,4,Terrible,red
8129e55a-433b-44c1-a079-5bafa70a14f7,Rage Renggo,5,Belum tau,2023-04-27 13:21:49+00,positive,2025-11-12 08:54:31.460817+00,Thursday,4,Excellent,green
3d663dca-e4a2-4227-947d-c59627b33b2a,Junaedi Ipul,5,sangat membantu,2022-12-06 01:04:25+00,positive,2025-11-12 08:54:31.460817+00,Tuesday,2,Excellent,green
8fa20c39-61cf-42f7-97bc-2e3e84fc1369,ahmad syauqi ghozali,5,mantap,2022-12-05 14:44:06+00,positive,2025-11-12 08:54:31.460817+00,Monday,1,Excellent,green
61ae8994-707d-4fd2-b253-d6dc14dfb762,kezia ezrayani24,4,bagus,2022-12-05 06:56:14+00,positive,2025-11-12 08:54:31.460817+00,Monday,1,Good,green
fb971549-6fe7-41c7-82ee-28df3bdb3a0e,Sondang Rotua,5,"mudah, mantap",2022-12-03 14:29:36+00,positive,2025-11-12 08:54:31.460817+00,Saturday,6,Excellent,green
5d01339a-cf5e-4e51-a29a-dcfee140f648,ronald panjaitan,5,bagus dan mudah pembayaran nya,2022-12-03 00:53:08+00,positive,2025-11-12 08:54:31.460817+00,Saturday,6,Excellent,green
2d678192-b614-4361-a027-e6444038e713,Manarul Hidayah,5,mantap dah mrt jakarta,2022-12-02 09:59:32+00,positive,2025-11-12 08:54:31.460817+00,Friday,5,Excellent,green
aa6863dc-03ab-4849-a711-b23baf19cfd0,Khaeruddin Hamdat,5,Sangat mudah dan sangat membantu,2022-11-29 08:19:08+00,positive,2025-11-12 08:54:31.460817+00,Tuesday,2,Excellent,green
2639efe5-7b8a-40d8-88ca-8c99247b0618,Masbro ganteng,5,ok,2022-11-28 12:53:43+00,positive,2025-11-12 08:54:31.460817+00,Monday,1,Excellent,green
94344430-e8e5-40bf-ab5c-81c6f9ecabab,ferry darmawan putra,5,"Bintang 4 dulu , belum di coba",2022-11-27 11:46:38+00,positive,2025-11-12 08:54:31.460817+00,Sunday,7,Excellent,green
810a4714-c7f2-4c00-be3f-3a4eb60f9d97,Nisa Asror,1,"Aplikasinya error, tidak bisa daftar.",2022-11-26 06:34:44+00,negative,2025-11-12 08:54:31.460817+00,Saturday,6,Terrible,red
c1482f50-a976-4e59-8598-72c6f049f5f6,Muh Akbar,5,mantap,2021-05-01 09:16:10+00,positive,2025-12-04 02:40:44.842332+00,Saturday ,6,Excellent,green
590cb1e0-6a93-4ca0-854e-512350e29c08,dewi muthia,4,oke,2021-04-29 10:11:06+00,positive,2025-12-04 02:40:44.842332+00,Thursday ,4,Good,green
b2ef8051-4cc5-418d-92f4-c82932212084,Andik Setyawan,1,Sering gangguan pembayaran ovo,2021-04-29 01:25:39+00,negative,2025-12-04 02:40:44.842332+00,Thursday ,4,Terrible,red
5cd9de1f-c4e6-435c-a895-80b14bc4983b,aan Aja,4,good,2021-04-28 12:48:03+00,positive,2025-12-04 02:40:44.842332+00,Wednesday,3,Good,green
e56f8fbc-4f79-457d-b651-fac0ad71f1f7,Wahyu Fibriyanto,5,sangat membantu,2021-04-28 04:46:46+00,positive,2025-12-04 02:40:44.842332+00,Wednesday,3,Excellent,green
8066b207-bc35-4052-a8eb-647570cd922f,Boy putra,5,bagus dan tingkatkan lagi,2021-04-28 01:05:37+00,positive,2025-12-04 02:40:44.842332+00,Wednesday,3,Excellent,green
7b6d25ba-8ec6-4fee-b1ad-6a6a6697d472,Capt. Darma Kusumah,5,Sangat membantu dalam proses transaksi perjalanan.,2021-04-27 13:48:35+00,positive,2025-12-04 02:40:44.842332+00,Tuesday  ,2,Excellent,green
5c5be4f7-2245-42d7-a39b-cb26949ca2fb,Erwin Yahya,4,baik,2021-04-27 09:43:32+00,positive,2025-12-04 02:40:44.842332+00,Tuesday  ,2,Good,green
6c8ad566-1423-435b-8c5a-15b70865d9d1,DANI DANANJAYA,5,support IT yang sangat bermanfaat,2021-04-27 05:49:32+00,positive,2025-12-04 02:40:44.842332+00,Tuesday  ,2,Excellent,green
62ff6242-33f4-45ae-bf1b-8417b530db2a,Fitriyah Fitri,5,Moda transportasi yg aman..Apl'y g ribet,2021-04-27 05:41:12+00,positive,2025-12-04 02:40:44.842332+00,Tuesday  ,2,Excellent,green
ec351f04-1cf5-402d-901b-53dc24e8483f,waringin sungsang,5,Untuk riwayat tiket up date terbaru mohon tanggal dan jam keberangkatan dan kedatangan jangan dihilangkan dong,2021-04-27 01:57:59+00,positive,2025-12-04 02:40:44.842332+00,Tuesday  ,2,Excellent,green
1cbbbab4-17af-4e4e-ace6-cb3b7cad1023,Hery Wibadi CCOD85,1,sangat sulit dan tidak ada pelayanan pembelian tiket !!,2021-04-24 08:52:42+00,negative,2025-12-04 02:40:44.842332+00,Saturday ,6,Terrible,red
12b65f01-6d7b-431b-8054-43c7332e3346,Arif Sukma Wiradikarta,5,"bermanfaat, update banget",2021-04-22 04:24:26+00,positive,2025-12-04 02:40:44.842332+00,Thursday ,4,Excellent,green
b6d84c49-a12f-4f6b-92a0-f016a79021f7,Ary Meha,5,good,2021-04-21 06:16:06+00,positive,2025-12-04 02:40:44.842332+00,Wednesday,3,Excellent,green
561a840c-a2ed-4727-af35-5fb722e23812,Muhammad Izdad Al Hasyir,2,Daftar gak bisa masuk masuk internal error. Tolong di permudah untuk daftar,2024-12-14 01:42:38+00,negative,2025-11-12 08:54:31.460817+00,Saturday,6,Poor,red
"0691ce13-2563-4df6-8ca0-bada395bdd6d",hana,1,"kenapa ga bisa top up pakai qris, dana, atau gopay? sangat bikin ribet, tolong jangkauannya harus luas ya terimakasih",2023-10-16 03:38:51+00,negative,2025-11-12 08:54:31.460817+00,Monday,1,Terrible,red
c59631b4-7e60-4b2a-beb3-f3b5be5e9164,Vina Nursolikah,1,"Kok gak bisa di buka ya, tulisannya pengembangan atau apa trus di suruh matikan hp, udah di restart tapi gak bisa ke buka jg",2023-10-12 04:42:17+00,negative,2025-11-12 08:54:31.460817+00,Thursday,4,Terrible,red
a9aec8d9-fcf1-4d35-aa6c-95785a04b16c,ibnoe Awalludin,2,"kacau lah pagi² mu order tiket malah error, ga ada pilihan pembayaran.. untung ada bawa emoney",2023-10-09 01:29:48+00,negative,2025-11-12 08:54:31.460817+00,Monday,1,Poor,red
d48b507a-4422-4dc6-ae32-a24e55fc19d5,Sri Muryanto,4,MRT Jakarta memang oke,2022-11-18 01:54:16+00,positive,2025-11-12 08:54:31.460817+00,Friday,5,Good,green
807b631f-752f-4df0-8724-124fe0ba58b6,rumaysha abdulloh,5,apik kok,2022-11-15 14:13:46+00,positive,2025-11-12 08:54:31.460817+00,Tuesday,2,Excellent,green
88791182-51b9-46e6-bdd4-64814dde7159,Moh Ardiagung,5,transportasi keren di jakarta. rekomended banget,2022-11-13 00:42:54+00,positive,2025-11-12 08:54:31.460817+00,Sunday,7,Excellent,green
95da9c43-8bc3-4f42-9c34-41b7685af2f0,Bayu Himandoko,5,ok,2022-11-12 10:28:11+00,positive,2025-11-12 08:54:31.460817+00,Saturday,6,Excellent,green
"0712660a-a40e-45b2-83ec-53c9d5593a09",Ari wahyu,3,"saya pengguna baru, semoga aplikasi ini benar-benar membantu saya dalam perjalanan",2022-11-09 09:57:26+00,neutral,2025-11-12 08:54:31.460817+00,Wednesday,3,Average,yellow
d54799e7-eaa5-4a71-9fcf-28d2387b8c78,Eril Satya,5,keren. sangat efisein waktu.,2022-11-07 07:57:11+00,positive,2025-11-12 08:54:31.460817+00,Monday,1,Excellent,green
93c5d0d5-25f3-43ea-abef-2c9d63466ed5,jaelani aja,5,mantap,2022-11-05 08:45:10+00,positive,2025-11-12 08:54:31.460817+00,Saturday,6,Excellent,green
770f7b6f-bc0c-4875-b49e-ebe9c3f28aad,Muhamad Suyudi,5,Buat urusan warga lebih mudah dan mengayomi,2022-11-04 10:58:50+00,positive,2025-11-12 08:54:31.460817+00,Friday,5,Excellent,green
5511f759-42d2-4d34-a704-68000e08707d,Winda Wulan Sari,5,sangatt bagus,2022-11-04 10:39:36+00,positive,2025-11-12 08:54:31.460817+00,Friday,5,Excellent,green
3b520d71-a0de-43a9-8ce6-330bfdbeec5b,Ahmad Muslih Suryono,5,akses jadi mudah,2022-11-02 10:18:20+00,positive,2025-11-12 08:54:31.460817+00,Wednesday,3,Excellent,green
d93cda8b-cf99-4036-b360-33d63909370b,Syahrul Mufidho,4,sementara bintang 4 karena bukan pekerja outdoor yang hobi MRT dan jauh dari Klender,2022-08-15 04:13:04+00,positive,2025-11-12 08:54:31.460817+00,Monday,1,Good,green
d688e818-16ef-44b9-95fb-9af1015d9cdd,Agung trianto susilo,5,keren,2022-08-14 12:58:54+00,positive,2025-11-12 08:54:31.460817+00,Sunday,7,Excellent,green
270ef7dc-ca8f-453e-94c2-885e5ee74178,Nur Aisyah Oktavani Salsabila,5,👍👍👍👍,2022-08-14 05:44:02+00,positive,2025-11-12 08:54:31.460817+00,Sunday,7,Excellent,green
9f097bbd-1f22-45c2-bbfb-f4b4e0b29350,Sasmito Leolantif,1,"Tidak bisa mendaftar, selalu muncul notifikasi internal error",2024-12-13 02:15:25+00,negative,2025-11-12 08:54:31.460817+00,Friday,5,Terrible,red
eb7474a1-64e6-49fb-99d3-8f036f69aea1,Eko H,2,"Pembayaran sulit, kalau update tidak langsung terinstal",2023-10-02 02:58:53+00,negative,2025-11-12 08:54:31.460817+00,Monday,1,Poor,red
2fe2c4be-6373-4ea1-aaeb-7e12da3b2576,Ayub sugiman,4,"Akun anda terdeteksi opsi pengembang, itu maksudnya apa?? Sy ga bisa masuk",2023-09-30 04:41:25+00,positive,2025-11-12 08:54:31.460817+00,Saturday,6,Good,green
"024bd417-ad1a-44ee-9d91-87e6800b5cd8",Arief Urr,1,"Mode pembayaran bank nya tambahin dong, masa blu doang",2023-09-27 11:19:47+00,negative,2025-11-12 08:54:31.460817+00,Wednesday,3,Terrible,red
e9eb3bc5-f52e-42e2-a366-c29a89f68ed3,Gani Raditya,1,Tambahin pembayaran pake gopay atau Dana plisss,2023-09-24 15:16:22+00,negative,2025-11-12 08:54:31.460817+00,Sunday,7,Terrible,red
c112701b-a248-4ffb-8cb2-ad8e2074ec37,Fiqih Wijaya,1,"Baru update malah makin sampah ni aplikasi ga berguna, bayar cuma bisa pake e-wallet Astra sama bank cuma bisa blu doang. Sarat kepentingan perusahaan ga memikirkan kepentingan umum (masyarakat) padahal ini kan BUMN transportasi milik negara/daerah bukan personal. Lucunya negeri ini parah, kacaw, penuh kepentingan pribadi",2023-09-24 10:34:09+00,negative,2025-11-12 08:54:31.460817+00,Sunday,7,Terrible,red
2430eaca-b6f8-401d-8dac-cfa31283531e,suwandi swd,1,Payment online menggunakan yg jarang orang pakai .... bikin ribet .. balikin lagi donk e wallet seperti gopay ovo,2023-09-24 04:02:35+00,negative,2025-11-12 08:54:31.460817+00,Sunday,7,Terrible,red
6b064299-681d-47a7-99c9-8eba3d4caf5f,wiji al jawi,1,"Metode pembayaran hanya bisa melalui astrapay, isaku, & blu. Ini sama saja membatasi orang utk naik MRT. Okupansi MRT 180 ribu, tapi rata2 cuma terpakai 80 ribu alias kurang dari setengah kapasitas. Klo mau maksimal harusnya perluas kanal metode pembayaran, terutama yg sdh populer, seperti shopeepay, gopay, & via mobile banking.",2023-09-24 00:31:01+00,negative,2025-11-12 08:54:31.460817+00,Sunday,7,Terrible,red
1959b31b-122c-4392-ba5b-76a01445cd2f,Muizzuddin,1,"Tolong dong developer sediakan kembali metode pembayaran e-wallet seperti ""dana"", ""ovo"", ""gopay"" dll agar mempermudah konsumen jga, klo metode pembayaran yg sekarang banyak yg jarang pakai jadi sulit",2023-09-22 13:13:39+00,negative,2025-11-12 08:54:31.460817+00,Friday,5,Terrible,red
21cb7c53-9e36-42fe-8b05-2265e71d6d26,Anto Firman Hermana,5,Ngebantu banget buat beli Tiket kalau gak bawa Kartu.,2021-04-17 02:14:40+00,positive,2025-12-04 02:40:44.842332+00,Saturday ,6,Excellent,green
83258b49-785b-49fb-b11c-a5d3b6acc9cd,Mas Odeng,5,"semoga bermanfaat dengan baik, upgradenya semoga terus berkembang tanpa bug",2021-04-16 13:54:22+00,positive,2025-12-04 02:40:44.842332+00,Friday   ,5,Excellent,green
2cbfa386-6923-4be1-903c-3f5761dc2100,Yulia Muchtar,5,masih setia pakai MRT dong.. dari rumah ke stasiun Fatmawati tinggal jalan kaki.,2021-04-16 05:54:11+00,positive,2025-12-04 02:40:44.842332+00,Friday   ,5,Excellent,green
2f627bf4-cfdc-4fad-9f51-1500b7cf7783,Dev Gev,5,"Hmmm baru download, udah keburu beli tiket yg Multitrip nya😅🤣",2021-04-15 06:43:23+00,positive,2025-12-04 02:40:44.842332+00,Thursday ,4,Excellent,green
c279b7d5-de60-4800-ac36-af92312c6397,Krisna Siahaan,5,good sekali,2021-04-14 03:42:50+00,positive,2025-12-04 02:40:44.842332+00,Wednesday,3,Excellent,green
a772f3c5-a6a3-4607-af57-332806e8debd,Joko Satrio,5,msh pelajari aplikasi nya,2021-04-13 15:07:54+00,positive,2025-12-04 02:40:44.842332+00,Tuesday  ,2,Excellent,green
24055869-5792-4145-8dc0-678352ce99c8,winda scout,4,baru install jadi belum tau sebagus apa fitur aplikasinya.,2021-04-12 10:01:54+00,positive,2025-12-04 02:40:44.842332+00,Monday   ,1,Good,green
88831955-9420-4df2-8ac4-34828625bb68,Ucin Sanusi,5,Sangat membatu,2021-04-09 13:27:41+00,positive,2025-12-04 02:40:44.842332+00,Friday   ,5,Excellent,green
fe754fa5-c354-42cc-8106-6ea98b36f533,Cut Ismi,5,ibib,2021-04-09 12:09:06+00,positive,2025-12-04 02:40:44.842332+00,Friday   ,5,Excellent,green
18e3b9fc-bdab-43bf-becd-7aa64b3ce0b1,fai nasution,5,baik,2021-04-18 12:57:43+00,positive,2025-12-04 02:40:44.842332+00,Sunday,7,Excellent,green
a14993a5-9924-4f6b-9616-3bffb526ca62,riszt 11,4,bagus,2021-04-11 19:50:31+00,positive,2025-12-04 02:40:44.842332+00,Sunday,7,Good,green
652621ff-4211-4bb9-8fca-203363a3b8ea,Songo Rolas,5,mantap jon...,2021-04-11 18:44:00+00,positive,2025-12-04 02:40:44.842332+00,Sunday,7,Excellent,green
256b28a2-3ea5-437b-bb36-515e4020a955,Arief Bangats,5,aplikasi okey,2021-04-11 15:43:50+00,positive,2025-12-04 02:40:44.842332+00,Sunday,7,Excellent,green
4692d0ae-838a-455a-bf12-c19d9480b946,Rumah Sunat Tangerang,5,nice,2021-04-11 08:10:38+00,positive,2025-12-04 02:40:44.842332+00,Sunday,7,Excellent,green
9a10244a-7b8c-4db7-8151-36a5c79df6df,Irvan Cahyo,5,Pengalaman yang luar biasa untuk naik MRT. Aplikasi yang sangat membantu,2025-10-24 15:29:15+00,positive,2025-11-12 08:54:31.460817+00,Friday,5,Excellent,green
2ecc4cab-9d78-4ada-bb0a-79c0553f3a59,Defa Fashan,5,Bermanfaat bgttt,2022-11-01 01:41:05+00,positive,2025-11-12 08:54:31.460817+00,Tuesday,2,Excellent,green
84f34606-3ee8-4c0e-bbc4-daaed2b0222e,faaann,1,Kacau mrt telat 4menit gak bisa masuk padahal udah beli tiketnya.... Dan tiket nya gak bisa di refoud..,2022-10-30 15:55:26+00,negative,2025-11-12 08:54:31.460817+00,Sunday,7,Terrible,red
ce693537-24d8-4a15-8e0b-cab03ffa005d,Alberto P,5,aplikasi yang mendukung user MRT,2022-10-29 11:05:27+00,positive,2025-11-12 08:54:31.460817+00,Saturday,6,Excellent,green
24006842-262e-4835-bec4-d6f0780a8110,Campus Idol TV,5,MRT waktu perjalanan jd pasti,2022-10-28 00:54:16+00,positive,2025-11-12 08:54:31.460817+00,Friday,5,Excellent,green
"0524bfbe-6aa1-400f-b04e-43747079ee66",Firas Alwista,5,"bagus banget aplikasinya, mempermudah pemesanan untuk naik MRT dan KRL di Jakarta",2021-04-06 11:09:09+00,positive,2025-12-04 02:40:44.842332+00,Tuesday  ,2,Excellent,green
1198255b-931f-4c4b-b49a-8aca8c07ffa6,Ben Kurnia,5,"Aplikasi bagus banget dan sukses bagi pembuatnya, karena bisa beroperasi dengan lancar tanpa ada masalah. 👍👍",2021-04-06 08:38:01+00,positive,2025-12-04 02:40:44.842332+00,Tuesday  ,2,Excellent,green
92c873e4-a4ba-48f4-b0a7-9a4ff88d2149,Yuli Astanti,5,sangat membantu,2021-04-05 10:15:42+00,positive,2025-12-04 02:40:44.842332+00,Monday   ,1,Excellent,green
"02861a74-8b61-42b5-a4eb-ad369cce3df5",MUHAMAD NURDIN,5,Sukses terus buat MRT-J kedepan nya,2021-04-05 06:43:24+00,positive,2025-12-04 02:40:44.842332+00,Monday   ,1,Excellent,green
e76cbf19-a661-4538-81d4-56aec6cecf0f,achen lie,5,mantap,2021-04-05 00:20:40+00,positive,2025-12-04 02:40:44.842332+00,Monday   ,1,Excellent,green
2700f09b-529a-4242-8b2a-220022e8d93e,Raffa Ardiansyah,5,bagus,2021-04-03 08:31:59+00,positive,2025-12-04 02:40:44.842332+00,Saturday ,6,Excellent,green
ed63cb7c-a0f0-4ef5-b574-a714c30e94e3,Dirga Pratama Putra,5,Nice,2021-04-04 15:44:52+00,positive,2025-12-04 02:40:44.842332+00,Sunday,7,Excellent,green
d8fccf31-8a6e-4547-8c67-9f9138dffe76,Rizku Hidayat,1,"Jeda antar kereta dari 5 menit malah jadi 10 menit. Ini malah numpuk penumpang yg nunggu di stasiun mrt dan di dalam kereta. katanya psbb ? Katanya masyarakat disuruh taat aturan psbb. Tapi manajemen mrt kok malah bikin penumpangnya numpuk, dimana lah logika nya ini manajemen mrt???!",2021-03-02 11:16:08+00,negative,2025-12-04 02:40:44.842332+00,Tuesday  ,2,Terrible,red
b61defff-ccf3-4523-8fa7-335b6d5f3af0,Mohamad Syafii,5,nyaman dan cepat,2021-02-26 07:11:18+00,positive,2025-12-04 02:40:44.842332+00,Friday   ,5,Excellent,green
697f573c-a13f-4f37-bab5-ffc9a175952e,Mella moonz,1,mau top up tp metode pembayar gak memudahkan. maaf saya undowload,2025-04-20 03:40:39+00,negative,2025-11-12 08:54:31.460817+00,Sunday,7,Terrible,red
4c3928bc-f499-4e28-a80f-6a4de321a1d6,Mustafa Widiarto Heryatno,3,"Ketika ingin mengaktifkan martipay, selalu muncul pesan link anda sufah tidak valid",2025-03-31 21:36:13+00,neutral,2025-11-12 08:54:31.460817+00,Monday,1,Average,yellow
150fe951-4087-48b4-be34-d461f2472312,Deriz Zeelove,5,Sangat membantu,2025-02-11 12:46:50+00,positive,2025-11-12 08:54:31.460817+00,Tuesday,2,Excellent,green
c2511080-7c0e-4753-97cf-e7a002940fbb,MEI PRASETYO FINALIANTO,5,Ok e,2024-11-03 07:30:54+00,positive,2025-11-12 08:54:31.460817+00,Sunday,7,Excellent,green
a1a20ebd-5df7-4152-af15-0ddfa131c861,arfan amirussalam,1,"Bukan rating untuk aplikasi, hanya saja mungkin kalau nulis disini lebih memungkinkan tersampaikan. Saran saya, sebaiknya bisa di training lagi untuk petugas ticketing pintu keluar lebak bulus hari ini 18 okt 2024 pukul +/- 09.10 WIB, agar lebih ramah terutama pada pelanggan baru.",2024-10-18 02:29:10+00,negative,2025-11-12 08:54:31.460817+00,Friday,5,Terrible,red
bb499a70-09dc-47c1-b84d-fe6901bc7356,Bobby Kaban,5,Cool application,2024-10-17 08:14:37+00,positive,2025-11-12 08:54:31.460817+00,Thursday,4,Excellent,green
86ef1003-7713-48bb-93ab-3d4dbab74062,Reynaldi Zanki,1,"tujuan adanya mrt agar masyarakat beralih ke trasnportasi umum tapi untuk akses pembayaranya ga kayak dulu, klo dulu pembeliat tiket bisa melalui ovo dn gopay tapi skrng hanya berlaku i saku dan astrapay. tolong pihak mrt dibaca kenapa saya menyarankan pembayaran via e wallet seperti ovo atau gopay dan dana karena masyarakat banyak transaksi melalukan e wallet tersebut bukan e wallet seperti i saku dan astrapay",2024-02-20 06:27:31+00,negative,2025-11-12 08:54:31.460817+00,Tuesday,2,Terrible,red
4db2a29d-5b06-4487-a8db-44d298e95efa,muhammad gofur antonih,1,Pembayarannya tidak seperti dulu lagi,2024-02-09 14:46:59+00,negative,2025-11-12 08:54:31.460817+00,Friday,5,Terrible,red
4ca0a667-cc34-4973-97d7-7a04cb42dda8,Marda Sekar,1,"tolong kembalikan ewallet seperti dahulu, 😭😭😭 ku mau pakai gopay tidak bisa padahal lebih braktis",2023-09-21 04:36:17+00,negative,2025-11-12 08:54:31.460817+00,Thursday,4,Terrible,red
ad34281b-1a24-497a-b12a-7e098adb1c83,Ruli N Akbar,5,App Bagus dan bermanfaat,2022-10-02 04:47:37+00,positive,2025-11-12 08:54:31.460817+00,Sunday,7,Excellent,green
e8ef2571-9ca6-4886-be76-a4ce42290ec1,Rudy Hartono,5,luar biasa,2022-10-01 11:07:43+00,positive,2025-11-12 08:54:31.460817+00,Saturday,6,Excellent,green
2b5bc8ed-64c7-44c8-885c-7b444a0061e1,Dr Muchlis MBM,5,good,2022-09-25 08:43:09+00,positive,2025-11-12 08:54:31.460817+00,Sunday,7,Excellent,green
a365760d-6ca7-436a-8253-a40bf4efa4db,ROMZ,1,"Nungguin notif vertivikasi Sms ga muncul"" Katro dah",2021-02-25 23:38:51+00,negative,2025-12-04 02:40:44.842332+00,Thursday ,4,Terrible,red
a435afa3-b9ef-4c36-b22c-5eaa52fe0e8f,AYU NINGRUM,1,"Banyak bug nya apa gimana sih, keyboard gabisa muncul, ngeklik ga jalan"" , padahal sinyal bagus, gajelas",2021-02-22 02:30:51+00,negative,2025-12-04 02:40:44.842332+00,Monday   ,1,Terrible,red
30a899dd-8634-4ff7-9f30-9dd7ca3403c6,Erbin Haeril,5,"Finally,i love this app",2021-02-09 22:54:31+00,positive,2025-12-04 02:40:44.842332+00,Tuesday  ,2,Excellent,green
3f5737a8-a470-4bbd-8e92-04eff3c0d880,Harry Andy Shinichi,1,"Otp gak masuk""",2021-02-28 07:12:18+00,negative,2025-12-04 02:40:44.842332+00,Sunday,7,Terrible,red
df3b687d-5732-4f6d-ae4e-fdde98fe6d25,Muhammad Fahrul Rifqi Andreansah,1,Gabisa pake gopay lagi,2023-09-18 06:46:51+00,negative,2025-11-12 08:54:31.460817+00,Monday,1,Terrible,red
87b6879c-de31-4015-952f-a7bb6b5c92d9,Naufal Doang,1,"apk tolol, keluar kode otp aja lama bgt",2023-09-17 09:47:55+00,negative,2025-11-12 08:54:31.460817+00,Sunday,7,Terrible,red
b9ddcee8-708d-4d9c-9d09-a0ddde0ab41a,Umrotun Nafsiyah,3,"sering log out sendiri, dan mpay nya dikit pilihan nya",2023-08-22 00:46:12+00,neutral,2025-11-12 08:54:31.460817+00,Tuesday,2,Average,yellow
c18b2c10-6688-4628-9051-e35f4116f58d,Noersakti Pandji Noegroho,1,Akun terhapus tiba tiba,2022-09-21 07:01:10+00,negative,2025-11-12 08:54:31.460817+00,Wednesday,3,Terrible,red
d34431e3-95fb-4a97-9fa4-890f579987a0,rizali Muhammad,4,sangat bermanfaat,2022-09-21 03:08:34+00,positive,2025-11-12 08:54:31.460817+00,Wednesday,3,Good,green
eb7bbacc-f6c5-4ba7-808b-f66e4fc4b440,Auliya Ramadhani,1,"Akun tiba2 terhapus, trus pas mau coba daftar pake email lain gabisa. Masuk lewat gmail gabisa (cuma ada tulisan 40). Tolong lah aplikasi nya dibenerin lagi. Giliran dibutuhin, malah nyusahin.",2022-09-19 10:22:34+00,negative,2025-11-12 08:54:31.460817+00,Monday,1,Terrible,red
da3c6efd-d931-4f9f-9689-818438d2b50a,Ichsan M,4,good,2022-09-18 14:29:20+00,positive,2025-11-12 08:54:31.460817+00,Sunday,7,Good,green
bc4c40f5-66ba-4c74-8893-9c46b105a036,Noer Fadillah,5,akakakaama,2022-09-18 06:27:26+00,positive,2025-11-12 08:54:31.460817+00,Sunday,7,Excellent,green
3b95b498-e3b7-4063-adbb-264d702d8683,Ida royani,3,semuanya jadi lebih mudah,2022-07-05 07:07:56+00,neutral,2025-11-12 08:54:31.460817+00,Tuesday,2,Average,yellow
ba8c7c1d-0efa-4dce-bb08-74f4f6aa83f2,Nunadev,1,"Gajelas dah baru di unduh tapi gabisa kebuka. Setiap mo dibuka ke back mulu. Lagian knp hrs beli tiket kaya gini si, bagus bagus di loket aja. Mempersulit ajee, mohon perbaiki",2021-02-09 02:32:28+00,negative,2025-12-04 02:40:44.842332+00,Tuesday  ,2,Terrible,red
c5a097f8-2935-4fdd-92c4-b11c23caea96,Tn. Ishmael,5,Good,2021-02-08 06:46:53+00,positive,2025-12-04 02:40:44.842332+00,Monday   ,1,Excellent,green
84dc19a1-2511-428f-8b99-aace5d8e8f81,Fauzi Ozi,5,Lebih simple,2021-01-28 15:18:34+00,positive,2025-12-04 02:40:44.842332+00,Thursday ,4,Excellent,green
cc908d62-7ad9-472a-a47f-da3af54f5f2c,David Indra Gunawan,1,"Masa pas mau bayar pake link aja disuruh masukin kode verifikasi yang dikirim via sms, baru juga masuk sms nya, tutup bentar app MRT buat liat kode di SMS, app MRT nya malah kembali ke beranda awal, gitu aja terus sampe gak kebayar-bayarb tu tiket",2021-01-18 12:49:52+00,negative,2025-12-04 02:40:44.842332+00,Monday   ,1,Terrible,red
c8591623-7b0f-46db-ac96-b9a56a56776e,afifah aghnia,1,"Coba beberapa kali buat akun tidak dapat nomor verifikasi. Padahal sinyal bagus, alamat email, no hp dan pass sudah benar. Mohon ditingkatkan lagi pembangunan sistemnya agar mudah diakses masyarakat.",2021-02-07 08:23:24+00,negative,2025-12-04 02:40:44.842332+00,Sunday,7,Terrible,red
d168a4ba-7f5f-4bf6-b915-0a036d0d0c11,Ken Luigi,5,"Mudah digunakan, bayar menggunakan gopay lancar",2021-01-24 09:22:54+00,positive,2025-12-04 02:40:44.842332+00,Sunday,7,Excellent,green
ad432af5-179e-4bbf-a7be-9682bd6d4c1c,Rina Agustina0,1,Beli 1 tiket keluarnya 2 tiket di tujuan yang sama. saldo gopay kepotong 2x. Habis di update aplikasi nge blank ga bisa di buka.,2021-01-17 23:55:12+00,negative,2025-12-04 02:40:44.842332+00,Sunday,7,Terrible,red
6074e3cb-04fc-4c9a-a89b-4f2dc8a301c6,Obert Hwan,1,"Pelayanan buruk....tidak ada pemberitahuan dr awal kenapa jam terakhir pemberangkatan terakhir jam 9 malam, jam 8:25 sudah hbs....udh beli tiket hangus...kecewa intinya.....MRT perlu di perbaiki LG layananya",2020-11-16 13:46:01+00,negative,2025-12-04 02:40:44.842332+00,Monday   ,1,Terrible,red
7dc17bbb-d22d-4553-96b2-7dfd56fd9598,Shared S,2,Baru kali ini beli ticket ga muncul..baru banget kejadian hari ini. Konfirm ke BLUbca gabisa Refund sedangkan konfirm ke aplikasi ini langsung sangat ribet. Jujur aja bukan kesalahan customer tp detail infonya yg diminta agak mencurigakan.,2023-09-16 18:00:12+00,negative,2025-11-12 08:54:31.460817+00,Saturday,6,Poor,red
e6eb6a9a-6ee0-42b4-8282-2dc426de996d,Immanuel M Siregar,1,"Error, CS tidak solutif. Thanks.",2023-09-15 14:43:17+00,negative,2025-11-12 08:54:31.460817+00,Friday,5,Terrible,red
2efef1ad-6882-4b44-904a-193590ef42dc,Insan Deli,1,"Parah pembayaran ewallet dikurangin,lama2 jadi mempersulit penumpang,mending bawa kendaraan pribadi aja daripada naik tranportasi umum tapi malah dipersulit",2023-09-15 02:19:24+00,negative,2025-11-12 08:54:31.460817+00,Friday,5,Terrible,red
bab94616-1456-426b-bae4-6bf5b7ca5bc8,Mitsuhi Mitsuhi,1,"Sebelumnya saya suka dan sering naik mrt,tapi setelah di update, E wallet dan bank yang biasa saya gunakan banyak yang di hilangkan dan sekarang hanya tersisa 3(tiga) metode pembayaran saja,saya sangat kecewa,karna hanya mempersulit konsumen,saya berharap bisa di evaluasi lagi,bank serta E wallet sebelumnya bisa di kembalikan lagi.",2023-09-08 01:53:51+00,negative,2025-11-12 08:54:31.460817+00,Friday,5,Terrible,red
7b9171a7-5f52-483e-924a-4b93cc925c34,Sogol Aja,5,bagus,2023-07-01 10:45:30+00,positive,2025-11-12 08:54:31.460817+00,Saturday,6,Excellent,green
3170148e-ce5d-4c04-9821-1920d0fbe759,Terima Uang Banyak,4,Kereennn.. 👍🤓,2022-09-12 10:56:03+00,positive,2025-11-12 08:54:31.460817+00,Monday,1,Good,green
9731be06-c3fc-49bd-bad2-96ee8c7ea288,erna sofiyana,2,Saya sudah masukkan kode otp tapi kenapa salah terus?,2022-09-11 06:46:36+00,negative,2025-11-12 08:54:31.460817+00,Sunday,7,Poor,red
9d1d74d2-1d1f-42b7-af9c-1408e00bdd46,iman saputra,3,INI KENAPA TIBA2 GA BISA BAYAR OAKAI GOPAY SIH? DAFTAR ULANG PAKAI NOMOR LAIN MALAH GA BISA. HADEH,2022-09-11 04:21:33+00,neutral,2025-11-12 08:54:31.460817+00,Sunday,7,Average,yellow
9871caf4-5205-4325-a78d-b66da00bf7b6,ilham Bagaskara,5,mudah dan bagus MRT jakarta,2022-09-09 08:40:03+00,positive,2025-11-12 08:54:31.460817+00,Friday,5,Excellent,green
fbc8b41f-34a6-458b-89f1-64a8b185f5ab,Guntur Prakoso,2,"Wahai pihak MRT yang terhormat, tolong laaaaaaaaaaaaaaaaaaaaaa!!!! Wooooooiiii?!!! Kenapa beginiiiiii?!!! Azzzz, niat mempermudah hidup, jadi malah sebaliknya😭🤣🤣🤣🤣",2022-09-08 05:13:53+00,negative,2025-11-12 08:54:31.460817+00,Thursday,4,Poor,red
f8a17cef-fea9-457c-b5fa-bf4796fffc15,Kartini,5,nyaman,2022-09-08 00:23:49+00,positive,2025-11-12 08:54:31.460817+00,Thursday,4,Excellent,green
e161df40-1e7d-428e-81a1-3bc42bc816d0,esti widyastuti,5,"perjalanan jadi lebih cepat dan tepat waktu, terimakasih",2022-09-06 11:49:38+00,positive,2025-11-12 08:54:31.460817+00,Tuesday,2,Excellent,green
4647dfa7-d9a1-4098-9613-44697fb004be,Vidian Doank,5,mantaaappppp,2022-09-05 15:30:20+00,positive,2025-11-12 08:54:31.460817+00,Monday,1,Excellent,green
8ba17876-27b9-45ab-9d47-ddcb8f1256fb,Alfito Ahmad Putra,4,Tolong dong untuk update lgi untuk jumlah tiket🙏🙏🙏,2020-10-22 08:22:21+00,positive,2025-12-04 02:40:44.842332+00,Thursday ,4,Good,green
ea99280f-cf56-47a1-8e30-a7523ef98696,ARYANI 28,1,Kok gak bisa masuk2 aplikasinya yaaa..,2020-10-21 02:48:15+00,negative,2025-12-04 02:40:44.842332+00,Wednesday,3,Terrible,red
e54ddda7-12a6-4092-ae09-fc2bf6309eea,Dita Putri,1,"mohon maaf, tolong kasih info kalau mrt tutup jam berapanya, karena mrt ini tutup minim info banget, kaya hr ini 13 oktober tutup jam 6 yg biasanya jam 7 tutup jd saya udh pesen tiket jam set7 pas dateng ke stasiunnya tutup, tolong dong klo mrt tutup aplikasi juga dikasih notif supaya tidak bisa beli tiket,udah gitu gaada notif,beli tiket pas mrt tutup masih bisa dibeli,gabisa refund juga",2020-10-13 11:47:47+00,negative,2025-12-04 02:40:44.842332+00,Tuesday  ,2,Terrible,red
"003aa674-cdaf-440c-b766-c30d171e8c6c",Almar R Khansa,5,Almar Rajendra Khansa Xl TBG1,2020-10-12 15:06:26+00,positive,2025-12-04 02:40:44.842332+00,Monday   ,1,Excellent,green
fd63243d-e694-40ac-b63c-b656e218dd9d,Muhammad fiqry Wahyudi,4,1 bintang nya nyusul kalo udh good,2022-08-28 07:48:32+00,positive,2025-11-12 08:54:31.460817+00,Sunday,7,Good,green
4b96cdcc-d47c-4fd7-a25e-ef4119204420,Budi Amansah,4,baik sekali buat tujuan transportasi,2022-08-28 06:22:34+00,positive,2025-11-12 08:54:31.460817+00,Sunday,7,Good,green
"0ae3c87b-c605-4fc0-af1d-aa24e633fa9a",echy rexy,5,okeh,2022-08-28 00:51:38+00,positive,2025-11-12 08:54:31.460817+00,Sunday,7,Excellent,green
7b542e32-a29b-4248-bc9d-a91a8a3c2e13,Aray4x,1,saya pernah gagal dalam pembelian tiket dua kali dalam waktu yang bersamaan. wow sekali,2020-10-03 19:42:25+00,negative,2025-12-04 02:40:44.842332+00,Saturday ,6,Terrible,red
7d535056-86e7-4302-9438-4d4aa8c9a1ac,Egi Saputera,4,Good,2020-10-02 22:17:24+00,positive,2025-12-04 02:40:44.842332+00,Friday   ,5,Good,green
37dc2ceb-f683-4384-a9a0-2ceaa2229c17,Arif Wijaya,1,Entah siapa yang design UI dan UXnya buruk sekali.,2020-08-27 06:04:07+00,negative,2025-12-04 02:40:44.842332+00,Thursday ,4,Terrible,red
c1bca718-ef7c-4c0a-9a0a-7dffcc5ed47c,Pengguna Google,5,Very good,2020-04-06 13:11:47+00,positive,2025-12-04 02:40:44.842332+00,Monday   ,1,Excellent,green
"068ae25e-5f94-4bdb-87d5-0608e4f320e8",Yovita Sriwardani,5,"MRR keren, aman dan nyaman, tp mahal adain promo sesekali",2023-09-04 00:24:20+00,positive,2025-11-12 08:54:31.460817+00,Monday,1,Excellent,green
7f40f37e-44e4-470f-bd46-6a7e40e6cba0,Irwan. ID,1,"sudah di uninstall, ga bisa pake gopay 🥲",2023-09-06 05:07:06+00,negative,2025-11-12 08:54:31.460817+00,Wednesday,3,Terrible,red
8a582681-fea9-450b-821b-dd6fd8f76461,fahri abna hanif,1,E wallet nya ko di kurangin bikin ribet aja,2023-09-05 05:16:26+00,negative,2025-11-12 08:54:31.460817+00,Tuesday,2,Terrible,red
c8bf3755-257c-45e0-a396-f628bf2ba073,Rahmi Adesty,5,mantap,2022-07-24 07:53:19+00,positive,2025-11-12 08:54:31.460817+00,Sunday,7,Excellent,green
abff7927-f480-42e6-b96a-640e14e27662,Muhammad Hendrawan,5,Mantap,2022-07-23 08:01:05+00,positive,2025-11-12 08:54:31.460817+00,Saturday,6,Excellent,green
df7d84cc-3a28-4d3c-9d59-b4941a8a5373,azli.bayu.PAmungkas Azli bayu,5,baik semangat sudah terima,2022-07-21 13:03:17+00,positive,2025-11-12 08:54:31.460817+00,Thursday,4,Excellent,green
baf2211b-4fed-45cb-abd0-e7c24a8b13cf,Diandra K (Nza),3,baru mau coba nanti kalau oke ditambah lagi ⭐nya,2022-07-21 09:33:51+00,neutral,2025-11-12 08:54:31.460817+00,Thursday,4,Average,yellow
2a0a0e58-8054-4de9-b6fc-57485463a546,Muzhar Khotib,4,blm bisa pake baru install aja,2022-05-22 07:36:09+00,positive,2025-11-12 08:54:31.460817+00,Sunday,7,Good,green
33a1e990-7f0f-47f8-bb53-5dc76239c7cb,Oktawaty Maesaroh,5,kereeen,2022-05-21 21:26:08+00,positive,2025-11-12 08:54:31.460817+00,Saturday,6,Excellent,green
3b0360d7-1f7f-4f27-b290-79a9afb33519,muhammad wijaya nurmudzi,5,cakep mrt.. kayak pak dhe Jokowi,2022-05-20 06:54:41+00,positive,2025-11-12 08:54:31.460817+00,Friday,5,Excellent,green
d5621c26-97b7-4260-bee7-d566a24efe9e,Gajah mada,5,bagus,2022-05-20 06:30:49+00,positive,2025-11-12 08:54:31.460817+00,Friday,5,Excellent,green
6946500d-73f5-482d-a6c9-7a8c9ce96c6b,Aldi Alhafidzi,5,ok,2022-05-19 14:30:36+00,positive,2025-11-12 08:54:31.460817+00,Thursday,4,Excellent,green
b9b37a8b-351c-46a0-86f7-d9c4b4aa74e0,Agus Setiawan,5,maantaapp boskuh,2022-05-18 09:55:46+00,positive,2025-11-12 08:54:31.460817+00,Wednesday,3,Excellent,green
3db55bd8-c700-44d6-9011-bad1c0e127ba,antonius widiyanto,5,Semoga Dengan Tranportasi MRT lancar,2022-05-18 06:12:20+00,positive,2025-11-12 08:54:31.460817+00,Wednesday,3,Excellent,green
"00806a86-2d84-4ab0-9cc4-3bdccf3077a8",Andini Dito,5,sangat membantunsaya baru donload terimakash,2022-05-18 04:57:33+00,positive,2025-11-12 08:54:31.460817+00,Wednesday,3,Excellent,green
e174762c-288c-4b4a-b454-37c8431e259e,chairu ummatin,5,"trkadang lemot, trkadang bgs. udh 4x uninstall bru yg ke 5 donlot agar bs masuk akun",2022-05-17 01:37:16+00,positive,2025-11-12 08:54:31.460817+00,Tuesday,2,Excellent,green
558299dc-f315-4e50-813b-df475e6d49ad,Kus Maryanto,1,Mrt apakah pihak mrt benar tidak membayarkan gaji salah satu vendornya sampai thr dan gaji tidak bisa dibayarkan tepat waktu?thr dibayar dihari bank terahir beroperasional itupun karena didatengin rame2 kekantor vendor dan mereka beralasan pihak mrt menunggak pembayaran ke pihak vendor selama beberapa bulan hingga vendor tidak bisa memberi hak pekerjanya?apakah benar pihak mrt demikian?bahkan gaji yg seharusnya dibayar tgl 28 ini diundur sampai tgl 10 bulan mei.apakah benar demikian MRT?,2022-04-28 16:24:03+00,negative,2025-11-12 08:54:31.460817+00,Thursday,4,Terrible,red
f5fd9f27-c65b-4a94-96dc-9467c01ca06e,Noris Nong,4,"baru menggunakan, smoga ga ribet mengaplikasikannya",2022-04-24 09:14:27+00,positive,2025-11-12 08:54:31.460817+00,Sunday,7,Good,green
95019bae-7a0f-48f2-b83a-33bad388b203,Jhon Pur,1,Kenapa pembayaran pake dana atau gojek dihilangkan? Padahal bagus,2023-09-03 21:33:03+00,negative,2025-11-12 08:54:31.460817+00,Sunday,7,Terrible,red
9ff5220c-54ad-44c8-b6fa-e38dcf223054,vda moe,4,baru nyoba,2022-07-21 08:50:31+00,positive,2025-11-12 08:54:31.460817+00,Thursday,4,Good,green
6c4a845b-1629-4b24-a4df-7baf266be8c4,Fadlan Malik Ibrahim,4,Saran metode shopepay ada in dong,2022-07-21 08:11:13+00,positive,2025-11-12 08:54:31.460817+00,Thursday,4,Good,green
8f3788e8-3a9d-4f3d-b6a1-5198e6a8fe87,indra samanhudi,5,jauh dekat,2022-07-19 17:50:04+00,positive,2025-11-12 08:54:31.460817+00,Tuesday,2,Excellent,green
23503232-91cb-47b3-8932-3d350df6de34,EL Kira,5,cuss,2022-07-19 09:11:44+00,positive,2025-11-12 08:54:31.460817+00,Tuesday,2,Excellent,green
50a0b4a0-0667-4c0f-80d7-eb5d69fcf4a1,Dasa Nguyen,5,bagus,2022-07-19 07:51:25+00,positive,2025-11-12 08:54:31.460817+00,Tuesday,2,Excellent,green
"0a9b336c-bd69-4469-85b0-4f7840baf41c",Antonius Rachmat,5,ok,2022-07-19 02:24:01+00,positive,2025-11-12 08:54:31.460817+00,Tuesday,2,Excellent,green
3c54ca0d-0ef8-4b5f-b9ad-f799444fb863,Henry Wijaya,5,easy to use,2022-07-18 10:56:05+00,positive,2025-11-12 08:54:31.460817+00,Monday,1,Excellent,green
50e480be-e83e-4f5c-b315-4e92bc439d7f,Ade Kurniawan,2,ok,2022-07-17 07:07:31+00,negative,2025-11-12 08:54:31.460817+00,Sunday,7,Poor,red
5f703819-4335-41ec-9aee-c5775ef918a9,Pengguna Google,2,Aplikasi sudah informatif. Cuma sayangnya kenapa seakan-akan dibuat asal jadi yah?,2020-03-04 01:16:17+00,negative,2025-12-04 02:40:44.842332+00,Wednesday,3,Poor,red
7d53ba8a-ac3e-4163-831e-ecf21199141b,Pengguna Google,1,"Kapan sih saldonya bisa di isi di aplikasi mrt, katanya bisa pakai e wallet di mrt",2019-11-02 02:53:59+00,negative,2025-12-04 02:40:44.842332+00,Saturday ,6,Terrible,red
b457a8ad-4555-479c-a85a-4f5122c9056d,Pengguna Google,3,Kenapa ya force close terus ??,2019-10-19 04:32:02+00,neutral,2025-12-04 02:40:44.842332+00,Saturday ,6,Average,yellow
7291b861-44be-40e6-94b7-8f48f8df9fd1,Pengguna Google,5,Sangat bagus,2019-10-19 00:06:04+00,positive,2025-12-04 02:40:44.842332+00,Saturday ,6,Excellent,green
ca61ce65-e88c-4b5d-936d-6406c844eb6e,Pengguna Google,5,sangat bagus aplikasi ini juga tau mrt,2019-09-03 10:44:04+00,positive,2025-12-04 02:40:44.842332+00,Tuesday  ,2,Excellent,green
e485b6b3-f646-4a94-a05a-f48e7d8cb6a3,Pengguna Google,5,Mrt ny tlg bsa d instal lg Yaa tlg d instal lg biar ga nyebelin,2020-04-05 23:28:07+00,positive,2025-12-04 02:40:44.842332+00,Sunday,7,Excellent,green
d691ab53-d977-4e85-990b-3eeeaf022131,Pengguna Google,2,Mau cek jadwal mrt tidak bisa,2019-10-27 16:23:41+00,negative,2025-12-04 02:40:44.842332+00,Sunday,7,Poor,red
5863435a-1c3c-4bcc-b7f1-c9d55c4b1f04,Pengguna Google,2,maaf 2 bintang dlu karna setelah install app error terus. selalu kembali ke halaman awal,2019-10-20 03:29:48+00,negative,2025-12-04 02:40:44.842332+00,Sunday,7,Poor,red
ea370894-637d-474f-ba61-6d3c2c7a24f4,Pengguna Google,3,Baik,2019-10-20 00:48:56+00,neutral,2025-12-04 02:40:44.842332+00,Sunday,7,Average,yellow
f01336a6-7956-4a62-b731-4b29d817bab3,Pengguna Google,5,hati senang mrt larinya suooos banter sekencang onta nyengir ngiiiie,2019-04-11 11:33:58+00,positive,2025-12-04 02:40:44.842332+00,Thursday ,4,Excellent,green
37816dcc-008a-4091-8055-727b5665933d,Pengguna Google,1,"Uninstal dulu, point saya yg di app terdahulu sudah 171 point. Di tanya bisa buat apa, gak ada jawaban di ig mrt Jakarta. Pas instal yg baru, point jadi nol & dianggap pengguna tamu mulu. Tulisan kecil kolom berita & berbayang, gak ke baca.",2019-04-11 05:11:05+00,negative,2025-12-04 02:40:44.842332+00,Thursday ,4,Terrible,red
a0eccc1d-6111-42be-a71e-4721eb8da8a8,Abhipraya Adhipramana,5,"App nya udah bagus, dan metode pembayarannya juga udah lebih banyak dari sebelumnya. Cuma untuk metode pembayaran blu by BCA, masih susah untuk proses bindingnya terutama ketika memasukkan password. Padahal sudah sesuai dan benar namun tetap dianggap salah. Mohon diperbaiki dan terima kasih",2024-10-08 01:12:01+00,positive,2025-11-12 08:54:31.460817+00,Tuesday,2,Excellent,green
fe3971b5-bd71-4308-ad85-87c8bdbb6cf7,Alexander Eric,2,"Metode pembayaran menggunakan aplikasi BLU selalu error dan gagal, kalau bisa secepatnya di perbaiki.",2024-10-06 11:12:42+00,negative,2025-11-12 08:54:31.460817+00,Sunday,7,Poor,red
e34d6753-8e66-4342-8c99-e58bef7cd521,ABD CHALIM,5,Ok,2024-01-29 11:31:05+00,positive,2025-11-12 08:54:31.460817+00,Monday,1,Excellent,green
febdc0fe-c847-4210-b638-cf44c5834cbd,Azizah Rohmatulloh,5,nyamannya bertransfortasi,2022-07-06 10:39:30+00,positive,2025-11-12 08:54:31.460817+00,Wednesday,3,Excellent,green
96ee9758-653b-4701-aa16-a6734257d7f3,Aisyah Alif,3,di coba dulu yah,2022-07-05 10:30:53+00,neutral,2025-11-12 08:54:31.460817+00,Tuesday,2,Average,yellow
c5183ea4-e2a8-4aff-8bfc-4db7f49f0a6e,Harjito Suharjo,5,ok thanks,2022-07-03 03:27:49+00,positive,2025-11-12 08:54:31.460817+00,Sunday,7,Excellent,green
20ee7c51-184c-453d-91d2-158baa712245,komang wisnu,4,ok,2022-07-03 00:16:11+00,positive,2025-11-12 08:54:31.460817+00,Sunday,7,Good,green
a6d541ae-79eb-46d1-89c0-70c5b1af6954,Oki Yudo,5,bagus,2022-07-02 11:36:08+00,positive,2025-11-12 08:54:31.460817+00,Saturday,6,Excellent,green
c0b236af-d84c-4c7b-b0ee-84c47558111f,Andri,5,"MRT Jakarta adalah moda sarana transportasi Publik. Perlu di iklankan di media masa, agar Masyarakat semakin familiar dan ditingkatkan sarana pelayanannya. Dengan ada nya moda transportasi 🚇🚍🚋 Publik yang nyaman dan tepat waktu, maka masyarakat akan beralih dari moda transport pribadi ke sarana moda transportasi Publik. kerja sama Tim yang solid adalah kunci jawaban nya untuk membentuk suatu layanan moda transportasi yang Tangguh dan berkelas. Hormat saya, Andri H Terima Kasih.",2022-07-02 11:03:39+00,positive,2025-11-12 08:54:31.460817+00,Saturday,6,Excellent,green
f9603026-f4bc-4143-b72e-6a5d4bc798c7,Sulaiman,5,mantul lae,2022-07-02 05:57:46+00,positive,2025-11-12 08:54:31.460817+00,Saturday,6,Excellent,green
269313d2-8d36-4413-8096-f02cd8c7ba6f,Pheasant,5,keren,2022-07-02 00:08:23+00,positive,2025-11-12 08:54:31.460817+00,Saturday,6,Excellent,green
f57d4083-1570-46e6-b250-639519147c16,Pengguna Google,5,mantul mantap betul,2019-04-10 05:30:02+00,positive,2025-12-04 02:40:44.842332+00,Wednesday,3,Excellent,green
"086d4b3b-23a4-447a-9516-48e0782e8a9e",Pengguna Google,5,Good,2019-04-08 06:47:30+00,positive,2025-12-04 02:40:44.842332+00,Monday   ,1,Excellent,green
41a482e4-564e-458c-9a71-62c805d53d92,Pengguna Google,5,mrt memang bagus. untuk trsnsportasi masal.,2019-04-05 16:58:19+00,positive,2025-12-04 02:40:44.842332+00,Friday   ,5,Excellent,green
e76695ac-29a3-4f38-a5af-93eebefb7f80,Pengguna Google,2,coba,2019-04-05 07:03:08+00,negative,2025-12-04 02:40:44.842332+00,Friday   ,5,Poor,red
42a7cc47-8e25-43f8-9961-e359e6d3f8e0,Pengguna Google,4,YAKIN NI AMAN APLIKASINYA KALAU YA MANTAP JIWA🤗🤗🤗🤗🤗🤗🤗🤗🤗🤗🤗🤗🤗🤗🤗🤗🤗🤗🤗🤗🤗🤗🤗🤗🤗🤗,2019-04-05 04:45:17+00,positive,2025-12-04 02:40:44.842332+00,Friday   ,5,Good,green
b8d6f5c1-eeef-4aaa-85d9-836c7e3dcb27,Pengguna Google,1,"kacau... saya brangkat kantor hr rabu 3 april 2019, di bunderan hi pintu keluar ke pertamina ditutup 2 cuma dibuka 1 arah pullman, petugas kurang, manajemen antrian kacau, selama gratis kemarin seharusnya sekaligus edukasi bagaimana memperlakukan tempat duduk disabilitas, bagaimana naik eskalator dan antri masuk, loading gate masih 7 detik responnya saya ga tau nanti kalau tarif normal dan peak kaya apa...",2019-04-03 08:39:09+00,negative,2025-12-04 02:40:44.842332+00,Wednesday,3,Terrible,red
e4e055e1-c704-4d60-8584-063d78fb97d8,Pengguna Google,5,Good,2019-04-02 06:31:07+00,positive,2025-12-04 02:40:44.842332+00,Tuesday  ,2,Excellent,green
4df1f38e-4caa-47cc-96ab-79de30f4c5cf,Pengguna Google,5,sangat mengagumkan...,2019-04-02 00:59:58+00,positive,2025-12-04 02:40:44.842332+00,Tuesday  ,2,Excellent,green
4690cfad-175b-49e9-a2a9-4bc5654adfc3,Pengguna Google,4,bagus,2019-03-31 15:12:37+00,positive,2025-12-04 02:40:44.842332+00,Sunday,7,Good,green
e9b4e8ee-33f2-4c28-937f-b6fe22e9b9ac,Marcelino Efraim,2,"BALIKIN SISTEM PEMBAYARAN YANG DULU, YANG BISA PAKAI GOPAI, SHOPEEPAY, BANK BCA DLL AGAK RIBET KALAU HARUS PAKAI BLU, ASTRA DAN APALAH ITU. JANGAN MEREPOTKAN KONSUMEN YANG UDAH LAMA PAKAI APLIKASI MRT",2023-09-03 09:57:58+00,negative,2025-11-12 08:54:31.460817+00,Sunday,7,Poor,red
aeb70df5-3755-4909-86b8-8eb07c53f11f,Wonka Wonka,1,"Min kok g bs buka aplikasi, katanya terdeteksi menggunakan opsi pengembang, hrs di matikan dl. Gmn cara matiin opsi pengembang min? Terima kasih kl mau jawab",2023-08-29 14:07:18+00,negative,2025-11-12 08:54:31.460817+00,Tuesday,2,Terrible,red
42184ded-76a7-4974-b414-af69e55687f9,rezaprimadi,1,Jadi gak bisa di pake karena mode pengembanagn mode saya di aktifkan. Padahal di versi sebelumnya aman aja,2023-08-29 06:45:19+00,negative,2025-11-12 08:54:31.460817+00,Tuesday,2,Terrible,red
42e31e5b-8391-4be9-86b3-140a1739ca2a,Pc online,1,"Udah ga seasik dulu waktu masih bisa bayar pake dana, skrg ribet",2023-08-28 11:02:19+00,negative,2025-11-12 08:54:31.460817+00,Monday,1,Terrible,red
d1447fe4-7025-42ba-bfaa-5be44e4e8b95,Saqil Sam,1,Nggak bisa daftar,2023-08-21 23:36:57+00,negative,2025-11-12 08:54:31.460817+00,Monday,1,Terrible,red
3c0ee567-7f89-4cb9-a0a2-f0dd57bf8e9c,IW,1,"Mau bayar pake BLU g bisa, mau verifikasi akun g bisa, selesai login selalu ada tulisan: fail to fetch data from server. E-walletnya tolong diperbanyak, seperti LinkAja, OVO, Dana, dll.",2023-08-21 12:23:09+00,negative,2025-11-12 08:54:31.460817+00,Monday,1,Terrible,red
3423580a-e5be-4872-a968-e2aa6092480e,Regina Hamidah,1,"Tidak bisa mendaftar.. tidak bisa melengkapi data diri di pengaturan akun, ribet banget padahal udh sampe download Astra sama isaku buat pembayaran.. lebih keren KAI access sayangnya naik MRT gabisa pake KAI access 😭",2023-08-21 03:07:09+00,negative,2025-11-12 08:54:31.460817+00,Monday,1,Terrible,red
9f7ae91a-1293-4116-b1d6-ac73ad015846,Finna Latifa,1,Gabisa daftar udah sebulan,2023-08-18 03:03:41+00,negative,2025-11-12 08:54:31.460817+00,Friday,5,Terrible,red
cd0f50ea-f467-469e-a5e3-bc907ac5e3d3,Setiawan,5,sangat membantu,2022-06-26 11:43:10+00,positive,2025-11-12 08:54:31.460817+00,Sunday,7,Excellent,green
2c6a9a81-535b-40a7-9bed-7b0ff92a2ac1,Brian Wokay,5,ol,2022-06-26 10:55:44+00,positive,2025-11-12 08:54:31.460817+00,Sunday,7,Excellent,green
c77d4b80-4a7a-40cc-bdb2-1a6d7dc91e8f,RACHMAN HIDAYAT,4,sementara,2022-06-26 09:59:19+00,positive,2025-11-12 08:54:31.460817+00,Sunday,7,Good,green
c2f875b1-0299-4988-900a-c9070e962d5e,Joko Subekti,5,bagus,2022-06-26 08:36:59+00,positive,2025-11-12 08:54:31.460817+00,Sunday,7,Excellent,green
78c9c2a2-b4d5-4f86-81cf-eeef6a7f13ee,Bung Ahmad,5,sangat membatu,2022-06-25 16:24:58+00,positive,2025-11-12 08:54:31.460817+00,Saturday,6,Excellent,green
7ea56464-8044-4b41-8f75-93d0caf32331,Iwan Kurniawan,5,pelayanannya bagus,2022-06-25 09:54:01+00,positive,2025-11-12 08:54:31.460817+00,Saturday,6,Excellent,green
42c92e3c-4238-464f-897e-c8b16c2145fa,Arif Tujv,5,"I've never used it, but there's no harm in trying so that it's easier to take the MRT one day, good luck with MRT Jakarta",2022-06-25 09:26:29+00,positive,2025-11-12 08:54:31.460817+00,Saturday,6,Excellent,green
71ed6a0d-639f-4dfd-8138-82fd0b854854,Muhammad Amin (Cek Min),5,oke,2022-06-25 05:03:55+00,positive,2025-11-12 08:54:31.460817+00,Saturday,6,Excellent,green
bb8d4caf-5dbd-4eab-bd1c-5ce8a70b7d7f,Priyo Martono,5,"waoooooo, dan terus tingkatkan lagi....dan lagi",2022-06-25 05:00:11+00,positive,2025-11-12 08:54:31.460817+00,Saturday,6,Excellent,green
945a908e-49c7-4ed7-8ea1-9995a38f0d55,Haris Kemal,1,Aplikasi terbodoh se dunia registrasi aja eror terus bodoh,2023-08-12 12:27:38+00,negative,2025-11-12 08:54:31.460817+00,Saturday,6,Terrible,red
be95e775-5ca7-46bf-8f9f-7e6d17d851b1,Auliandra Ismi Heriyanto,1,"Aku harus selalu ingat bawa kartu ni,karna sekarang beli pake aplikasi rempong juga",2023-08-11 10:12:03+00,negative,2025-11-12 08:54:31.460817+00,Friday,5,Terrible,red
a8769e5e-313e-4c70-82d4-7d1f0fd1231b,Pengguna Google,5,kereen,2019-03-31 13:43:17+00,positive,2025-12-04 02:40:44.842332+00,Sunday,7,Excellent,green
f2333f52-9a6c-48b2-9b8f-f4fb411c5b71,Tjahjo Baskoro Kusumobroto,4,ok,2022-06-24 10:16:49+00,positive,2025-11-12 08:54:31.460817+00,Friday,5,Good,green
190f9b21-cdc5-4488-93f7-393f717fe0f6,santoso fyan,5,"Seneng bgt naik MRT selain bersih, ontime jugaaa terintegrasi dengan moda TJ, KRL dan JakLingko 👏👏👏",2022-06-23 14:41:20+00,positive,2025-11-12 08:54:31.460817+00,Thursday,4,Excellent,green
cc19d33c-0679-4be5-9d2b-4b841b160f92,Pengguna Google,5,😇😇😇😇😇😇👍👍👍👍👍👍👍,2019-03-31 12:49:52+00,positive,2025-12-04 02:40:44.842332+00,Sunday,7,Excellent,green
8faa6765-3919-40a8-a3b0-43af6ee2672f,Pengguna Google,5,mrt nyaman banget,2019-03-31 12:45:24+00,positive,2025-12-04 02:40:44.842332+00,Sunday,7,Excellent,green
b444ac4c-0c42-4e9a-be7b-db9caace43ad,nanik Sulistyowati,5,mengurangi kemacetan,2022-06-23 02:47:39+00,positive,2025-11-12 08:54:31.460817+00,Thursday,4,Excellent,green
3f0bcc9c-d9e5-4e30-83d4-1deba31ead7b,DANISH RF DAOP 1 DEPOK,5,krna bisa liat jadwal mrt,2022-06-22 12:02:32+00,positive,2025-11-12 08:54:31.460817+00,Wednesday,3,Excellent,green
5171cccd-6eea-4e28-aba0-9f15082ceaff,Ruby's Sirina,5,baru mulai pake...semoga bermanfaat,2022-06-22 05:46:51+00,positive,2025-11-12 08:54:31.460817+00,Wednesday,3,Excellent,green
f16a0e8f-40cf-4408-893f-f1f6c90d45b7,Defi Permatasari,1,"Kenapa aplikasinya selalu keluar sendiri? Padahal mau verifikasi ktp dan ngisi indentitas lainya. Pas mau mesen tiket juga sering keluar sendiri, padahal sinyal bagus, udah pakek data dan wifi tetep aja keluar sendiri. Ini kenapa error app nya? Mohon developer segera memeberikan solusi dan memperbaikinya.",2022-01-09 09:01:55+00,negative,2025-11-12 08:54:31.460817+00,Sunday,7,Terrible,red
550afb71-f6ab-4eac-8274-fa506d86752d,marseventz,1,"Saya baru tau bisa beli tiket via aplikasi sewaktu selesai pembayaran beli tiket. Gimana sih petugasnya. Petugas gak ngasih info kalau bisa beli tiket pakai aplikasi, jadinya terpaksa beli kartu baru karena gak bawa kartu ATM buat topup (karena kartu bukan kartu multitrip MRT, harus debit). Padahal juga abis itu kartu gak kepake..",2022-01-08 06:28:10+00,negative,2025-11-12 08:54:31.460817+00,Saturday,6,Terrible,red
4ce3b7f9-6514-4c27-ba90-d442a4cf862c,Mevananda,3,"Appnya bagus dan praktis, tapi masih suka terjadi eror koneksi, padahal saya memiliki wifi/kuota internet.",2022-01-07 07:45:05+00,neutral,2025-11-12 08:54:31.460817+00,Friday,5,Average,yellow
cf3abd8a-7c8a-4124-ac9c-d6007d56f968,H.D Yudiana Mujib,5,Sangat membantu sekali,2022-01-06 10:51:46+00,positive,2025-11-12 08:54:31.460817+00,Thursday,4,Excellent,green
7034fbd4-6328-4d30-a0ed-2247569c9b48,syahril kuswadi,3,"Aplikasinya masih byk bug nya dan errornya, contoh saat di halaman jadwal saat pilih stasiun aplikasi langsung keluar/forceclose, saat di halaman akun untuk input Foto ktp pun sama lgsg keluar / forceclose, kalau bisa di perbaiki dulu ini app dan di cek lg semua nya",2022-01-05 11:44:43+00,neutral,2025-11-12 08:54:31.460817+00,Wednesday,3,Average,yellow
b996cdac-e29f-4062-8f5a-85bc45a38135,fathoni arief,4,quick respon,2022-01-03 07:15:52+00,positive,2025-11-12 08:54:31.460817+00,Monday,1,Good,green
9c7902ba-d11a-450b-9613-17a3b35c9d8e,Arul Ramadhan,1,Forceclose terusssssssssssss,2022-01-02 09:00:00+00,negative,2025-11-12 08:54:31.460817+00,Sunday,7,Terrible,red
3390883c-5a33-4794-8c94-cf0ad963101d,We Are One,1,"Ketika diinstall kembali, ternyata pilihan pembayaran sangat sedikit dan tidak familiar jadi uninstall kembali. Mohon metode pembayaran seperti dahulu yang mana sangat bervariasi.",2023-12-03 11:21:07+00,negative,2025-11-12 08:54:31.460817+00,Sunday,7,Terrible,red
1899975c-740e-4b02-babb-073cd4484883,Yogi Munawar,1,Sekarang gak bisa beli tiket nya pakai e-wallet seperti dana dan lainnya sebagai Nya,2023-08-11 08:26:51+00,negative,2025-11-12 08:54:31.460817+00,Friday,5,Terrible,red
db3fc8ab-883a-4049-9730-3a292bba3107,Pengguna Google,1,"Udah gak bisa bayar pake gopay, ovo, dll Dipaksa pake astrapay, blu, i saku Mempersulit pengguna.. ini menjijikan",2023-08-11 04:35:52+00,negative,2025-11-12 08:54:31.460817+00,Friday,5,Terrible,red
678a3d36-bdeb-4a9b-b798-4f7481e03a15,Aldo Yulian,1,Pada saat pendaftaran dibilang kode verifikasi salah terus padahal sudah sesuai,2023-08-10 03:24:24+00,negative,2025-11-12 08:54:31.460817+00,Thursday,4,Terrible,red
b2ffabff-d25d-4fb0-9471-bbf183f731fc,Moh Iqbal Maulana,1,"Kecewa dahhh, dulu bisa pake Ewallet (Dana, Gopay, ovo, dll) sekarang malah gak ada/hilang..duhhhhh",2023-08-07 09:02:19+00,negative,2025-11-12 08:54:31.460817+00,Monday,1,Terrible,red
9a23d02b-97b2-4cda-9567-77dd61191a6c,Fahri Hazbiallah,2,susah login,2023-08-05 18:10:55+00,negative,2025-11-12 08:54:31.460817+00,Saturday,6,Poor,red
f5c4a552-e90c-4f7a-ad53-d2b382f83de7,Radithya Febrian S,1,Untuk pemgisian saldo di persulit,2023-08-05 13:16:50+00,negative,2025-11-12 08:54:31.460817+00,Saturday,6,Terrible,red
7c314c6e-0d26-4c56-b02d-7e3e4f73a4b4,martin sebastian,4,sangat baik,2023-08-05 12:10:05+00,positive,2025-11-12 08:54:31.460817+00,Saturday,6,Good,green
127cdc71-a393-4932-bc4a-00fde45771b5,Syaiful Ihwan,5,bagus,2023-08-01 01:51:11+00,positive,2025-11-12 08:54:31.460817+00,Tuesday,2,Excellent,green
478c2f90-ab52-4657-89f4-ff352d1e99d6,Irfan Daroji,1,Jelek banget apsnya susah login,2023-07-31 10:41:07+00,negative,2025-11-12 08:54:31.460817+00,Monday,1,Terrible,red
f3e43588-3a86-4254-a23b-b3d812dbfd7e,Wahid Alvaro,1,"Sering banget close sendiri, padahal cuma cek jadwal",2023-07-30 16:11:43+00,negative,2025-11-12 08:54:31.460817+00,Sunday,7,Terrible,red
7be3784c-70d8-4940-870d-270f92349de4,Fahrizal Izal,5,ok,2023-07-27 16:39:42+00,positive,2025-11-12 08:54:31.460817+00,Thursday,4,Excellent,green
6ae40bcf-57d4-48d8-a502-e59866ad09bf,Pengguna Google,1,gak bisa login 👎,2019-03-30 18:03:27+00,negative,2025-12-04 02:40:44.842332+00,Saturday ,6,Terrible,red
87c91620-9786-4950-ba19-00026637871a,Pengguna Google,5,akhirnya Indonesia memiliki transportasi massal yang berkelas,2019-03-30 16:49:08+00,positive,2025-12-04 02:40:44.842332+00,Saturday ,6,Excellent,green
5e6a5a6e-aa7f-40dc-b2fa-2396051647a0,Pengguna Google,5,"Alhamdulillah, sudah merasakan naik MRT-Jakarta, semuanya serba tertib teratur, dan yang paling penting cepat & bebas dari kemacetan.",2019-03-30 12:44:30+00,positive,2025-12-04 02:40:44.842332+00,Saturday ,6,Excellent,green
239265d4-71d6-4a59-af99-699788fc3840,Pengguna Google,5,nyaman dan cepat,2019-03-30 12:27:42+00,positive,2025-12-04 02:40:44.842332+00,Saturday ,6,Excellent,green
b72fee29-541f-4cb2-87e8-2a0d9a31c729,Pengguna Google,5,Bangga,2019-03-30 12:22:43+00,positive,2025-12-04 02:40:44.842332+00,Saturday ,6,Excellent,green
3bed1c97-bc00-43a2-859d-95d09dbb0a2e,Pengguna Google,4,"keretanya cukup nyaman...kecepatan juga cukup, budaya naik kereta yg mesti terus diedukasi...termasuk menjaga kebersihan",2019-03-31 08:57:13+00,positive,2025-12-04 02:40:44.842332+00,Sunday,7,Good,green
4ea719d0-589e-4749-b148-a8ea4c365c37,Pengguna Google,2,"Terlalu Lama untuk antrian nya.. kasihan yang lansian, ibu hamil dan anak kecil",2019-03-31 04:48:27+00,negative,2025-12-04 02:40:44.842332+00,Sunday,7,Poor,red
aeefa9dd-103e-44d2-9eb8-cdd13a1c2f5c,Pengguna Google,3,kok saya gabisa bikin akun ya? diklik gabisa terus di akunnya~,2019-03-31 04:12:01+00,neutral,2025-12-04 02:40:44.842332+00,Sunday,7,Average,yellow
29530e7d-68e0-4166-9b5f-82b0f4b638a2,Pengguna Google,1,susah bener,2019-03-31 04:07:20+00,negative,2025-12-04 02:40:44.842332+00,Sunday,7,Terrible,red
f9e26bd2-93b6-4b84-9acd-04d35fd9a235,Pengguna Google,4,good,2019-03-31 03:39:36+00,positive,2025-12-04 02:40:44.842332+00,Sunday,7,Good,green
26a87feb-de12-4421-a6d0-f9a829bf1357,Pengguna Google,5,mrt oke bnget...,2019-03-31 03:20:21+00,positive,2025-12-04 02:40:44.842332+00,Sunday,7,Excellent,green
710795d3-40cd-439a-a684-6ac9572045bd,Pengguna Google,5,ok,2019-03-31 01:54:28+00,positive,2025-12-04 02:40:44.842332+00,Sunday,7,Excellent,green
e6600115-4ad6-4682-87f9-782138e72ad4,Pengguna Google,5,bagus aplikasinya tingkatkan terus pelayanan kereta mrtnya,2019-03-31 01:24:33+00,positive,2025-12-04 02:40:44.842332+00,Sunday,7,Excellent,green
29f527c2-c34e-43f4-a268-da13aea49488,siti njah,4,Top,2023-09-21 05:48:28+00,positive,2025-11-12 08:54:31.460817+00,Thursday,4,Good,green
54e198a7-603d-4960-be50-f5b5311125de,Ningsih Aubeau,5,is the best,2023-08-07 13:36:52+00,positive,2025-11-12 08:54:31.460817+00,Monday,1,Excellent,green
e5956e90-b00a-4198-b448-48b335bac891,Andre Sihotang,3,"E wallet saya masa cuma astra pay dan i saku aja. Gopay, dana dll kok bisa ga ada sih??.",2023-07-18 05:42:17+00,neutral,2025-11-12 08:54:31.460817+00,Tuesday,2,Average,yellow
c8d08bdc-eb00-42da-935b-8e5be226ba02,Sultan Syach,1,"Gak jelas , kok akun saya hilang gak terdaftar ,",2023-07-17 10:01:22+00,negative,2025-11-12 08:54:31.460817+00,Monday,1,Terrible,red
3619947b-5b36-4cd4-806b-4469aa41b39d,Randian Sulaiman,5,good job,2023-07-17 01:36:09+00,positive,2025-11-12 08:54:31.460817+00,Monday,1,Excellent,green
1818f05c-0d64-4828-b825-8c184a08b5bf,Alam firlana,1,"Bukannya mempermudah, malah mempersulit. Payment e-wallet malah dihapus. Aneh",2023-07-16 12:19:36+00,negative,2025-11-12 08:54:31.460817+00,Sunday,7,Terrible,red
aa5d4ebd-3fb7-44cd-a1dd-d24b5fefb912,Andi Anto,5,sangat membantu dalam perjalanan,2023-07-16 08:22:07+00,positive,2025-11-12 08:54:31.460817+00,Sunday,7,Excellent,green
4236cf75-2918-494c-b20b-b4ac938d08e1,anre samsya,1,Sudah daftar dan berhasil tapi Aplikasi keluar sendiri....bagaimana mau pakainya?... Harus di benahi lagi,2023-07-15 04:18:51+00,negative,2025-11-12 08:54:31.460817+00,Saturday,6,Terrible,red
8d47f1e1-1744-4d8b-aa6f-c9a109bb6b43,Siti Hajar,5,bagus,2023-07-15 04:08:23+00,positive,2025-11-12 08:54:31.460817+00,Saturday,6,Excellent,green
3540e1e4-b41e-4d87-a741-320039e8250d,GB Sudirman Landa,5,mudahan bermanfaat Aamiin,2022-06-07 14:26:56+00,positive,2025-11-12 08:54:31.460817+00,Tuesday,2,Excellent,green
29e713b1-b3b9-4d48-b5de-d12e57c02446,jung heeyoung,1,ga bisa daftar ..baru masukin password sudah failed,2022-06-04 02:39:36+00,negative,2025-11-12 08:54:31.460817+00,Saturday,6,Terrible,red
5bf4cc5b-2f76-4c2b-96e6-97252dc41cc5,Maureen,2,"Kesalahan seperti memasukkan stasiun awal dan tujuan bisa tertukar itu mungkin bisa terjadi, namun di aplikasi ini kita tidak bisa merubahnya",2022-06-03 12:06:54+00,negative,2025-11-12 08:54:31.460817+00,Friday,5,Poor,red
be352db5-b180-4909-a525-f41385826d64,Isti Khomah,3,Mohon Bantuannya... Kenapa mau Daftar Baru gak bisa bisa yaa... 🤔🤔🙏🙏🙏,2022-06-03 05:10:44+00,neutral,2025-11-12 08:54:31.460817+00,Friday,5,Average,yellow
3f7ae120-7b7b-4264-9520-6ffaca388507,Syarief Al amin,3,nyamam ddn sman itu yg paling utama,2022-06-02 21:41:19+00,neutral,2025-11-12 08:54:31.460817+00,Thursday,4,Average,yellow
e1241fd6-a437-42c9-b6a6-d561779197cc,Julianus Gulo,5,mntap,2022-06-02 12:48:49+00,positive,2025-11-12 08:54:31.460817+00,Thursday,4,Excellent,green
5523edd4-e0e9-46fd-9582-af635abe91bc,condro hafidz,5,"mudah""an berguna aplikasi mrt nya buat naik mrt. terimakasih sukses selalu PT. MRT.",2022-05-30 07:17:03+00,positive,2025-11-12 08:54:31.460817+00,Monday,1,Excellent,green
e571e683-86fb-47b6-9545-f50c92238fc9,Zainal Muttaqin,5,good,2022-05-28 06:42:53+00,positive,2025-11-12 08:54:31.460817+00,Saturday,6,Excellent,green
1608fbda-4306-43f0-b6df-08bd3edc0831,Don Adelbert,5,mantapp,2022-05-26 02:34:41+00,positive,2025-11-12 08:54:31.460817+00,Thursday,4,Excellent,green
1635d378-4e3a-4c5c-955c-33172b508664,Pengguna Google,3,belum lengkap,2019-03-30 08:37:12+00,neutral,2025-12-04 02:40:44.842332+00,Saturday ,6,Average,yellow
8b12c6d9-3c8b-4232-a99a-b169286d6224,Pengguna Google,5,"Mantul...bersih,nyaman,aman..",2019-03-30 08:30:37+00,positive,2025-12-04 02:40:44.842332+00,Saturday ,6,Excellent,green
e39cb2a3-7e59-4cce-aeb7-e486f18b3e97,Pengguna Google,5,sesuai dengan wakru yg singkat,2019-03-30 07:57:22+00,positive,2025-12-04 02:40:44.842332+00,Saturday ,6,Excellent,green
cd521ecc-5816-47ca-af2f-051d94c8f578,Adian Bania,5,sangat membantu untuk meningkatkan aktivitas saya,2023-07-09 07:30:48+00,positive,2025-11-12 08:54:31.460817+00,Sunday,7,Excellent,green
287d2734-0018-49e5-b3d7-123f96edea06,Candy Rose,1,"Kok sekarang udah gk bisa bayar pake ovo atau dana ya, jadi males pakenya",2023-07-09 04:48:58+00,negative,2025-11-12 08:54:31.460817+00,Sunday,7,Terrible,red
b401e583-022b-4d36-b52d-5ce0465443d5,Wahyu Rahman,1,repot,2023-07-09 03:50:56+00,negative,2025-11-12 08:54:31.460817+00,Sunday,7,Terrible,red
16f9ed3b-4562-4e43-9afc-dcb0b2aaf3da,Fakhrul Ramadhan,1,"Sudah tidak ramah pembiayaan, terlalu banyak unsur politik dan bisnisnya, males",2023-07-08 11:45:23+00,negative,2025-11-12 08:54:31.460817+00,Saturday,6,Terrible,red
d6bc2212-380c-4d59-835e-674824b30273,Berto Binur,5,sangat perlu,2023-07-08 02:26:36+00,positive,2025-11-12 08:54:31.460817+00,Saturday,6,Excellent,green
4dbfe6cb-5c00-426d-98c0-adf8858afc4e,Alfian Noor,5,sangat membantu berpergian menggunakan aplikasi ini,2022-05-24 03:37:11+00,positive,2025-11-12 08:54:31.460817+00,Tuesday,2,Excellent,green
cae4723d-f1b4-4326-8a57-0472db2447a7,Aris Triyanto,5,Ok,2022-05-23 23:21:06+00,positive,2025-11-12 08:54:31.460817+00,Monday,1,Excellent,green
6c6b94af-4202-4dd5-a5ce-6765572e4a39,Richard Gaming,5,bagus,2022-05-22 15:16:38+00,positive,2025-11-12 08:54:31.460817+00,Sunday,7,Excellent,green
bb17b3d7-9b1f-40b4-a041-7a4d0ce50b7c,Saripudin,5,hebat,2022-05-16 07:29:55+00,positive,2025-11-12 08:54:31.460817+00,Monday,1,Excellent,green
7d8c4148-4c90-4092-8c2a-d66a8a21f7dd,Sony Setiawan,5,keren,2022-05-16 07:12:21+00,positive,2025-11-12 08:54:31.460817+00,Monday,1,Excellent,green
"0d73756b-fde6-41f6-ac8a-6d7aea023724",Pengembara Akbar,5,Alhamdulillah semakin keren,2022-05-15 08:56:52+00,positive,2025-11-12 08:54:31.460817+00,Sunday,7,Excellent,green
cee189d5-409d-48e5-a669-946e07e26a20,Pengguna Google,5,keren canggih lucu aman tertib bersih nyaman ramah disabilitas cepat sekali tepat waktu indonesia maju wifi 5g 4g fasilitas umum hrs lengkap kereeeeeeeeeeen sekaliiiiiiiiiiiiiiii,2019-03-30 03:45:03+00,positive,2025-12-04 02:40:44.842332+00,Saturday ,6,Excellent,green
5205213e-a3d8-4bec-8ad6-18944e5c9223,Pengguna Google,5,semoga aplikasi ini lancar dan mudah,2019-03-29 03:32:58+00,positive,2025-12-04 02:40:44.842332+00,Friday   ,5,Excellent,green
"0423b641-2268-4d18-930d-ddcb816fddb4",Pengguna Google,3,Apakah kita hanya bisa menggunakan aplikasi ini sebagai pengguna tamu saja?,2019-03-29 03:08:04+00,neutral,2025-12-04 02:40:44.842332+00,Friday   ,5,Average,yellow
c4abb039-6f14-46c5-a713-7bb0a35496cb,Pengguna Google,1,"ntuk prtama kalix yg bgitu menakjubkan, 😂🤣😂🤣😂",2019-03-29 02:07:26+00,negative,2025-12-04 02:40:44.842332+00,Friday   ,5,Terrible,red
fc9f83cf-b356-4241-a8a2-9dc4bb8b2929,Pengguna Google,5,nyaman dan okk bngt mrt,2019-03-29 01:29:32+00,positive,2025-12-04 02:40:44.842332+00,Friday   ,5,Excellent,green
5419632b-1b2b-437a-8a3a-2cd5dfe56bf2,Pengguna Google,5,mantaf,2019-03-28 12:28:28+00,positive,2025-12-04 02:40:44.842332+00,Thursday ,4,Excellent,green
350a1d6c-f374-4658-ad34-a922922dd171,Pengguna Google,5,ayo naik mrt jakarta,2019-03-28 11:27:17+00,positive,2025-12-04 02:40:44.842332+00,Thursday ,4,Excellent,green
4a448e7b-6982-423e-bf90-c8e0ee64790e,Pengguna Google,5,mantab,2019-03-28 10:26:07+00,positive,2025-12-04 02:40:44.842332+00,Thursday ,4,Excellent,green
"070ee335-1a18-4a61-b74e-2a1a1bcab09d",Pengguna Google,3,ok mrt,2019-03-28 06:03:44+00,neutral,2025-12-04 02:40:44.842332+00,Thursday ,4,Average,yellow
f76ea104-744b-4099-969c-de95781223d8,Pengguna Google,2,aplikasi nya kok belum stabil ya? susah sekali untuk di akses,2019-03-26 23:08:22+00,negative,2025-12-04 02:40:44.842332+00,Tuesday  ,2,Poor,red
5a53f5a6-07af-4018-ba74-7b6d4193b1fd,Pengguna Google,5,"Sangat membantu perjalanan dengan aman, lancar, dan nyaman. semoga tetap jaya MRT.",2019-03-25 14:25:51+00,positive,2025-12-04 02:40:44.842332+00,Monday   ,1,Excellent,green
3e64f016-2a6c-4ee3-b800-b1a7e6b9035f,Rafika Isna,1,Uninstal app laah.. Download app kan agar mudah melakukan pembayaran pake gopay / ovo eeh malah di hapus metode pembayarannya. Bye bye,2023-07-02 01:53:49+00,negative,2025-11-12 08:54:31.460817+00,Sunday,7,Terrible,red
c83023ce-29bc-4168-b2f4-caa8f42df881,Ilyas rakatesa,5,ok,2023-07-01 10:56:58+00,positive,2025-11-12 08:54:31.460817+00,Saturday,6,Excellent,green
2cba7009-1540-41e1-b384-e64331dea31a,Roby Wewengkang Inkiriwang,5,ok,2023-07-01 09:11:55+00,positive,2025-11-12 08:54:31.460817+00,Saturday,6,Excellent,green
11a0b8a8-1903-4cfd-82f8-885344b5a8d3,Haryanto Simun,5,pelayanan nya professional👍,2023-07-01 05:40:48+00,positive,2025-11-12 08:54:31.460817+00,Saturday,6,Excellent,green
"0a0965f6-2a94-471e-867a-deb509ce79a8",Ambar Widiatmo,5,sangat membantu,2023-07-01 02:37:31+00,positive,2025-11-12 08:54:31.460817+00,Saturday,6,Excellent,green
53d3e8e1-2345-44fc-b617-5d792c212ccf,Donny Saputra,1,"Pada saat pengriman otp tidak bisa, ga ada sms sama sekaliii, tolong benerin lagi tim develope nya.",2023-06-29 04:33:45+00,negative,2025-11-12 08:54:31.460817+00,Thursday,4,Terrible,red
9d714ebf-8395-4d74-934c-e9c8423cd2af,Rudi Wijaya,1,Gak ada masalah sebenarnya di aplikasi. Cuma kebijakan menghilangkan metode pembayaran gopay/ovo/dana per 1 juli itu kebijakan manajemen MRT paling BODOH. Gak sekalian balik ke jaman purbakala?,2023-06-27 14:57:58+00,negative,2025-11-12 08:54:31.460817+00,Tuesday,2,Terrible,red
56901bba-342e-440a-bb23-e96d50508383,Evi Nurjanah,2,"Kesulitan daftar, kode otp tidak terkirim.",2023-06-27 02:42:26+00,negative,2025-11-12 08:54:31.460817+00,Tuesday,2,Poor,red
d46e718e-1ed5-47d3-864f-f6a7b25c02ca,Yunasril Anggara,3,"Mohon penjelasannya ,saya beli tiket mrt senayan menuju blok A melalui applikasi mrt di jam 9 dan jadwal nya juga masih ada tertera kebarangkatan dari senayan jam 9.24 tetapi saya tidak diperbolahkan masuk oleh satpam kata beliau mrt udah ditutup dan beliau ,tetapi di jadwal keberangkatan masih tertera.",2022-03-08 14:45:17+00,neutral,2025-11-12 08:54:31.460817+00,Tuesday,2,Average,yellow
13c2edc5-585e-4595-b96a-5d62aa575a90,Yovy Alkhaira,5,nice,2022-03-08 05:06:20+00,positive,2025-11-12 08:54:31.460817+00,Tuesday,2,Excellent,green
2a392c7a-c235-4637-bd77-82b154be7e7c,LaodeAbdulGias Akurajab,5,good,2022-03-07 01:19:24+00,positive,2025-11-12 08:54:31.460817+00,Monday,1,Excellent,green
ed2e9cb5-e0c5-4837-892c-fa328082a3bc,Dwi Muristikha,5,keren,2022-03-06 08:32:39+00,positive,2025-11-12 08:54:31.460817+00,Sunday,7,Excellent,green
"0dc9d5b4-9900-4265-b543-283be0e2a90c",marcus mary,4,baik,2022-03-05 08:49:45+00,positive,2025-11-12 08:54:31.460817+00,Saturday,6,Good,green
ac70c2ed-3dfa-4dfc-abd2-850e2c6c2729,Andi Suhandi,5,manteb dah Anies,2022-03-04 11:08:30+00,positive,2025-11-12 08:54:31.460817+00,Friday,5,Excellent,green
f116d6bb-0f51-4a4b-b9b0-1d6cf76013f2,Capdewibunga Minyakgosok,5,good,2022-02-28 09:54:06+00,positive,2025-11-12 08:54:31.460817+00,Monday,1,Excellent,green
7d43e410-ff93-435e-93e9-c91a9dd46ca2,Aryudhi Maghrezacandra,5,mantap,2022-02-28 09:52:58+00,positive,2025-11-12 08:54:31.460817+00,Monday,1,Excellent,green
efe9c944-3459-411b-908b-7725796e6535,Gionino Wijoyo,4,ok cepat respon nya,2022-02-27 09:03:20+00,positive,2025-11-12 08:54:31.460817+00,Sunday,7,Good,green
4a3f903b-35a0-41f0-b0a5-c935dacf571b,Toni Purwanto,5,keren,2023-06-09 01:38:54+00,positive,2025-11-12 08:54:31.460817+00,Friday,5,Excellent,green
b9486f26-6078-49f6-b1b6-ffa989038fe2,mahir kidzz,1,Ampe ngising beling kode otp gk d kirim,2023-06-07 23:41:19+00,negative,2025-11-12 08:54:31.460817+00,Wednesday,3,Terrible,red
4c20af6f-fd6f-4bb0-ad7c-f9d17e2867b0,jeeffrey online,4,Ok,2023-06-07 11:49:29+00,positive,2025-11-12 08:54:31.460817+00,Wednesday,3,Good,green
51e50f71-9940-4863-ad76-be4dfabeeecb,Joeoci Adi Yulianto,5,juosss,2023-06-06 10:43:27+00,positive,2025-11-12 08:54:31.460817+00,Tuesday,2,Excellent,green
9d3f35fb-acfc-45dd-abba-b7983cb7a8a3,DANI ISMANTO,5,ok,2022-02-10 02:27:59+00,positive,2025-11-12 08:54:31.460817+00,Thursday,4,Excellent,green
"09317e17-cbb0-4b9e-b27c-81047925ba36",rayzhard soesilo rudiro,1,Kode otp pembayarannya nggak keluar,2022-02-09 11:08:03+00,negative,2025-11-12 08:54:31.460817+00,Wednesday,3,Terrible,red
3b5d36f4-5d9a-47ed-9207-d247ec921376,Java's King,5,ok,2022-02-06 12:01:44+00,positive,2025-11-12 08:54:31.460817+00,Sunday,7,Excellent,green
3433b499-4bde-4a0b-bdfc-7507209eea0e,Ama Rachma (Ama),2,"cm sharing aj, peraturannya jgn terlalu ketat dong masa orng bercadar harus pakai masker juga.. aneh si",2022-02-05 10:14:33+00,negative,2025-11-12 08:54:31.460817+00,Saturday,6,Poor,red
23fc2797-beff-4f55-87e4-dd70bb9e84e9,Arif Pras,5,keren,2022-02-04 01:02:10+00,positive,2025-11-12 08:54:31.460817+00,Friday,5,Excellent,green
ea4fed1b-1349-42cb-9118-a1dbaf90fb0f,MUHAMAD RAHMADI (MADI),5,mantab,2022-02-03 04:27:04+00,positive,2025-11-12 08:54:31.460817+00,Thursday,4,Excellent,green
e124c6ad-3078-4471-8449-cd132f52f50b,Rosdiana Lukitasari,5,Aplikasinya mudah digunakan 🥰,2022-02-03 03:59:43+00,positive,2025-11-12 08:54:31.460817+00,Thursday,4,Excellent,green
3b5f3546-1800-442b-a9b8-40fc976f8bb4,AnjasKaSeto,5,baguss dan mempermudah,2022-01-30 05:48:50+00,positive,2025-11-12 08:54:31.460817+00,Sunday,7,Excellent,green
"02757269-9a2d-448c-9652-dbe8aee11ccb",Moedjik Pramono,5,bagus dan mudah,2022-01-30 04:43:23+00,positive,2025-11-12 08:54:31.460817+00,Sunday,7,Excellent,green
d4f36b31-1c1f-4724-a4d3-eca0570c1fb3,Eliza Octavia,1,Aplikasi nya error,2022-01-30 02:41:17+00,negative,2025-11-12 08:54:31.460817+00,Sunday,7,Terrible,red
4421488b-5e76-4d64-92a9-db8d005d4077,Purwanto (Ipung),5,ok,2023-05-13 17:39:36+00,positive,2025-11-12 08:54:31.460817+00,Saturday,6,Excellent,green
59558ba3-e338-476b-b0e7-8c92e3d42863,Yesaya Herman,5,🥰,2023-05-13 12:31:19+00,positive,2025-11-12 08:54:31.460817+00,Saturday,6,Excellent,green
64c1b5ca-e812-4d98-9d55-e8af5655643e,iwan lie,5,"lebih baik,",2023-05-13 05:42:34+00,positive,2025-11-12 08:54:31.460817+00,Saturday,6,Excellent,green
373b1953-0a74-4582-a08b-c500ad65eb10,NADILA Pocilaw,5,sangat berguba,2023-05-13 01:18:00+00,positive,2025-11-12 08:54:31.460817+00,Saturday,6,Excellent,green
2d649291-ced8-4a79-9eec-0bb0dbc54e04,Arlin Wijatmoko,4,nice,2023-05-12 15:48:57+00,positive,2025-11-12 08:54:31.460817+00,Friday,5,Good,green
"07331ce9-018f-4c31-b95e-b2639596e3f2",Sutisna Adeng,4,belum saya gunakan suatu saat mungkin berguna terimakasih atas info nya,2023-05-12 13:52:30+00,positive,2025-11-12 08:54:31.460817+00,Friday,5,Good,green
38e80449-5a7d-476a-9619-fbec0683224a,Sri rahayu,5,bagus,2023-05-12 12:21:37+00,positive,2025-11-12 08:54:31.460817+00,Friday,5,Excellent,green
569f2628-f910-4927-b989-326a4fb5c684,Mulyadi Ardiansyah,5,mantab,2023-05-12 11:00:01+00,positive,2025-11-12 08:54:31.460817+00,Friday,5,Excellent,green
1965aff7-c0c1-4fbb-968b-ac8904d58c06,Habibie Amran Al Yakin,3,"sy ksh bintang 3, karena blm coba menggunakan mrt",2023-05-12 02:55:35+00,neutral,2025-11-12 08:54:31.460817+00,Friday,5,Average,yellow
ca6454fd-55c9-4d4e-933e-4de62c5fc538,Wahyu Purnomo,5,good job,2023-05-11 13:42:52+00,positive,2025-11-12 08:54:31.460817+00,Thursday,4,Excellent,green
823be140-b24c-49cb-9a46-182348ee15dc,Tini mom,5,sangat membantu dlm perjalanan yg nyaman dan bersih,2023-05-11 01:56:22+00,positive,2025-11-12 08:54:31.460817+00,Thursday,4,Excellent,green
615e7521-b93f-424e-83b0-e59bdc3a6b8f,Maman Arman,5,aplikasi baik dan yg lebih baik lagi,2023-05-10 12:32:40+00,positive,2025-11-12 08:54:31.460817+00,Wednesday,3,Excellent,green
8c30379b-f8f7-451b-af04-9b458be88984,agung suprianto,5,muantab,2023-04-27 03:00:11+00,positive,2025-11-12 08:54:31.460817+00,Thursday,4,Excellent,green
1eff9670-16ad-48a6-96a9-266285e180a2,Ismaniar Desyta,5,good news,2023-04-26 14:42:04+00,positive,2025-11-12 08:54:31.460817+00,Wednesday,3,Excellent,green
"05cba186-ab68-42b4-99ef-e351e7efae0d",DHANI SYAHRIL,5,puas sekali,2023-04-26 05:29:40+00,positive,2025-11-12 08:54:31.460817+00,Wednesday,3,Excellent,green
5989181c-5f00-4f6e-960f-1f2d58b71606,Srijanto Andojo,5,mantaps,2023-04-24 16:46:34+00,positive,2025-11-12 08:54:31.460817+00,Monday,1,Excellent,green
bfd15277-e5e6-4df6-9b98-8c9fc51e944c,Juni Andri Kusuma,5,jos,2023-04-24 14:59:18+00,positive,2025-11-12 08:54:31.460817+00,Monday,1,Excellent,green
"0a835ffb-5b6c-4d31-b368-acadc2f3c534",Abdurohman Abdurohman,5,aplikasi bagus,2023-04-24 08:01:49+00,positive,2025-11-12 08:54:31.460817+00,Monday,1,Excellent,green
3cdbe7ed-1bc0-44ab-99d2-481bbedc5604,yos renaldi,1,Parah aplikasi apaan ini mau daftar gak bisa sdh sampai masukin pin katanya cek nomer hp dan email,2023-04-24 05:45:52+00,negative,2025-11-12 08:54:31.460817+00,Monday,1,Terrible,red
"0d9205b6-b2a2-4a23-bd46-0fce3bd4d60e",eko syamsuddin Hasrito,4,aplikasi yg sangat berguna,2023-04-24 03:41:23+00,positive,2025-11-12 08:54:31.460817+00,Monday,1,Good,green
e81b7335-0366-4f51-8fa1-835a5cc52cf4,Doni Doncay,5,keren,2022-12-29 01:20:39+00,positive,2025-11-12 08:54:31.460817+00,Thursday,4,Excellent,green
b6684f5b-222b-4b67-8866-d198b54ed57f,Han,1,"Aplikasi GK jelas,udah dimasukin otpnya secara bener tetep GK bisa ,wkwkwk milik negara kwalitas jelek dwitnya di korup ya",2023-04-17 21:21:02+00,negative,2025-11-12 08:54:31.460817+00,Monday,1,Terrible,red
5a855f42-feb4-498c-a9ac-1ee32c19ccb2,ahsan fahmi,3,agak lola,2023-04-16 23:14:25+00,neutral,2025-11-12 08:54:31.460817+00,Sunday,7,Average,yellow
fd751e6b-4d10-419a-a56c-a8d714cffe8b,Momo Juli,5,ok,2023-04-15 11:25:40+00,positive,2025-11-12 08:54:31.460817+00,Saturday,6,Excellent,green
63fd5d51-1e30-43cc-a422-94863774337a,Wati Ramadhan,5,sangat baik,2023-04-14 16:03:36+00,positive,2025-11-12 08:54:31.460817+00,Friday,5,Excellent,green
67889404-e1d3-435e-8463-aee3254dbc1a,Syaifudin Hadi,2,"banyak bug, terutama pas login",2023-04-14 10:25:53+00,negative,2025-11-12 08:54:31.460817+00,Friday,5,Poor,red
50a376fd-eb73-453e-a974-40a9a2ab9940,Budi Kurniawan,2,ok,2023-04-13 06:07:35+00,negative,2025-11-12 08:54:31.460817+00,Thursday,4,Poor,red
ccf4e4e7-97df-4688-9d83-5be8fa00271f,Yuni Yulianti,1,Gabisa log in aneh,2023-03-15 13:21:25+00,negative,2025-11-12 08:54:31.460817+00,Wednesday,3,Terrible,red
7466077b-6366-4a30-9148-ae6b7da39333,The True Messenger,5,mantap,2023-03-14 13:27:39+00,positive,2025-11-12 08:54:31.460817+00,Tuesday,2,Excellent,green
"0e1cb3a4-e34c-40cd-b998-be1feae609c0",IBNU MALIK IBRAHIM,5,"bru pake, sejauh ini blm mendapatkan kendala",2023-03-14 12:26:51+00,positive,2025-11-12 08:54:31.460817+00,Tuesday,2,Excellent,green
ca592e95-0dc0-42a9-b6bc-425456c8f9aa,Santi Santi,5,mantap,2023-03-13 08:43:30+00,positive,2025-11-12 08:54:31.460817+00,Monday,1,Excellent,green
97667b93-5e53-4c88-a660-3e5ced519130,Assyifaa Rachman,1,"Ini saya regis yang manual gak dikirim2 kodenya terus coba login Gmail gak bisa juga tolong segera diperbaiki ya sistem nya, terima kasih.",2023-03-12 23:44:43+00,negative,2025-11-12 08:54:31.460817+00,Sunday,7,Terrible,red
4e84c22c-beca-4895-8f37-c0e0f4ed36f0,ahmad jayin,5,sangat menyenangkan,2023-03-11 23:30:05+00,positive,2025-11-12 08:54:31.460817+00,Saturday,6,Excellent,green
732b138e-1e9e-4f26-a697-798b3abfd41d,Sadamwcks,1,kode otp tidak pernah dikirim. login via google tidak mau. parah,2023-03-11 11:45:06+00,negative,2025-11-12 08:54:31.460817+00,Saturday,6,Terrible,red
a770d784-da3e-441b-92fa-bf13c41239ee,Roro Jongrang,1,Lemot Tiketnya terlalu mahal mrt TURUNIN HARGA TIKETNYA OON!,2023-03-11 00:50:10+00,negative,2025-11-12 08:54:31.460817+00,Saturday,6,Terrible,red
a842c0e8-9198-464e-af63-924f37e2e649,Christian Simanjuntak,1,waktu register kirim otp ke wa tp tulisannya dikirim ke sms,2023-03-10 10:58:41+00,negative,2025-11-12 08:54:31.460817+00,Friday,5,Terrible,red
7857f7d0-296e-47bd-94b0-779211558c98,purwantoro purwantoro,5,"sudah daftar, mudah dan cepat, tetapi blm dicoba aplikasinya",2023-03-10 03:49:00+00,positive,2025-11-12 08:54:31.460817+00,Friday,5,Excellent,green
bd059ab5-a330-48b2-8933-0e0ee2633f36,Muhamad Nur,5,sangat mudah dijangkau dan tepat waktu,2023-01-29 06:05:55+00,positive,2025-11-12 08:54:31.460817+00,Sunday,7,Excellent,green
3f62d462-320b-4ff1-9b54-01a6d4eba0af,Rere Rahardjo,5,blom coba smoga aja aplikasinya bisa mempermudah perjalanan 😊👍,2023-01-29 03:21:56+00,positive,2025-11-12 08:54:31.460817+00,Sunday,7,Excellent,green
"051b804a-6f4d-4bdd-b8e2-5f2be997549a",Agustin N R Rerung,5,Masih baru,2023-01-29 02:02:10+00,positive,2025-11-12 08:54:31.460817+00,Sunday,7,Excellent,green
e0788e1c-8a30-45cd-ad94-e31dfcdecb0d,FADLI RACHIM,5,Aplikasi saya gunakan bagus dan sangat membantu terimakasih,2023-01-28 03:04:29+00,positive,2025-11-12 08:54:31.460817+00,Saturday,6,Excellent,green
"01653acc-2b32-4518-8813-4305314a3feb",Bagus Puji Sularno,1,Ribet,2023-01-26 08:54:30+00,negative,2025-11-12 08:54:31.460817+00,Thursday,4,Terrible,red
a00966b7-e7fe-4585-890d-e830196fceec,Jufri Conoras,5,mantap,2023-01-25 10:36:10+00,positive,2025-11-12 08:54:31.460817+00,Wednesday,3,Excellent,green
eb412e95-d189-40df-b138-4cf3486fb195,Panji Setyo,5,ntaps,2023-01-22 10:52:35+00,positive,2025-11-12 08:54:31.460817+00,Sunday,7,Excellent,green
90ec2bf7-39bb-4fe4-b90d-aec6ccdeceef,Andika channel,1,bagus,2023-01-22 08:13:01+00,negative,2025-11-12 08:54:31.460817+00,Sunday,7,Terrible,red
904c17a5-32e7-4bb4-98ce-ca6624a9c224,Muhammad Firman Ikhsan,5,keren MRT jakarta,2023-01-21 16:27:54+00,positive,2025-11-12 08:54:31.460817+00,Saturday,6,Excellent,green
f58d7b51-60b9-4a00-b6f4-4ece012b1158,MBF SEMANAN,5,Good,2023-01-21 03:22:22+00,positive,2025-11-12 08:54:31.460817+00,Saturday,6,Excellent,green
dd0afe42-d070-4e2f-8fb3-fc391fb0a9ef,okta s,1,Bikin akun gabisa otp nya. Capek.,2023-01-19 03:44:22+00,negative,2025-11-12 08:54:31.460817+00,Thursday,4,Terrible,red
795cd776-6fcb-4287-b434-ed1f150c876c,Riyaldi Bayuandra,1,Tidak dapat validasi via SMS atau Email buat bikin akun. Parah pagi siang malam dicoba tetep saja gagal.,2023-01-18 17:20:38+00,negative,2025-11-12 08:54:31.460817+00,Wednesday,3,Terrible,red
ef6283e4-9083-42c0-b3a6-6ad51c7efde8,Nia Kalangi,5,ok,2023-01-17 07:30:41+00,positive,2025-11-12 08:54:31.460817+00,Tuesday,2,Excellent,green
784348c9-fb22-411a-afa4-6b1036ac01d3,boru batak,5,mantap,2023-01-15 09:56:22+00,positive,2025-11-12 08:54:31.460817+00,Sunday,7,Excellent,green
156afb4d-ec70-4f34-9f7d-9b501d1e59f0,Abdul Basori,1,Kode OTP selalu saja salah padahal saya sudah mengetik sesuai yg dikirim.,2023-01-07 23:47:53+00,negative,2025-11-12 08:54:31.460817+00,Saturday,6,Terrible,red
585aec21-b279-44c3-b877-6cfeddd7847a,Muhammad rizky,5,sya belom mencoba apknya namun sya memeberikan bintang lima karena suatu pekerja di sana sangat baik kepada saya karna memberi kartu mrtnya dengan percuma terimakasih untuk bpk :),2023-01-07 08:24:34+00,positive,2025-11-12 08:54:31.460817+00,Saturday,6,Excellent,green
4263d7d9-4b7c-4b9c-a4de-3208c9545d63,Maratun Solihah,5,baik,2023-01-07 06:15:09+00,positive,2025-11-12 08:54:31.460817+00,Saturday,6,Excellent,green
bbefa900-c801-446f-b356-b37816fed8e3,Lenny Widya Purba,4,"sediakan masker untuk pelanggan ketika masker putus/robek/tdk sesuai, jika disuruh membeli diIndomaret MRT sediakan stok jd tidak mengganggu kenyamanan pelanggan",2023-01-07 04:18:02+00,positive,2025-11-12 08:54:31.460817+00,Saturday,6,Good,green
6d02192e-5b36-4c96-9318-2e4b39524d0f,Nurningsih Siti,1,sangat mudah dan cepat,2023-01-07 01:54:31+00,negative,2025-11-12 08:54:31.460817+00,Saturday,6,Terrible,red
acb27e54-a5fd-46ff-8a53-eeec66c9061a,Donan Perdana,5,good,2023-01-05 15:59:21+00,positive,2025-11-12 08:54:31.460817+00,Thursday,4,Excellent,green
7b549632-aed8-4e6e-b1ce-769fb95804e7,Resty Vera,5,kereennnn,2023-01-05 05:31:00+00,positive,2025-11-12 08:54:31.460817+00,Thursday,4,Excellent,green
"01f0d6ff-19d7-4d76-8996-0241f555f963",usma oktafian,5,bagis,2023-01-05 02:40:22+00,positive,2025-11-12 08:54:31.460817+00,Thursday,4,Excellent,green
e04d9ea0-444d-4fdc-b843-d028a16c2beb,Ganes Farhan,5,bagus dan mempermudah,2023-01-04 12:22:02+00,positive,2025-11-12 08:54:31.460817+00,Wednesday,3,Excellent,green
86db4a98-47bf-4473-a068-1a44be788f83,Topan Muhamad,5,mantap,2023-01-03 11:10:15+00,positive,2025-11-12 08:54:31.460817+00,Tuesday,2,Excellent,green
bde73f85-aab4-4c2f-8103-77769080cb27,Lis Bunda Inspira,5,"mantap... sangat menolong, ga perlu lagi harus beli 5 kartu buat bawa 4 anak , cukup scan beres",2023-01-01 05:03:30+00,positive,2025-11-12 08:54:31.460817+00,Sunday,7,Excellent,green
e7a2f9ab-fbd6-4b66-be6e-2c1feb8a9e8d,Gatot Suraji,5,mantap MRT Jakarta,2023-01-01 03:40:00+00,positive,2025-11-12 08:54:31.460817+00,Sunday,7,Excellent,green
293284a4-c696-4369-8073-09f78dde9287,Kirani Kartika sari,3,bagus,2022-12-31 23:34:48+00,neutral,2025-11-12 08:54:31.460817+00,Saturday,6,Average,yellow
251b058e-302f-4c8b-840a-b52ce0247926,Jhon Sky,5,pertahankan prestasi mu dan tingkatkan pelayanan anda,2022-12-31 11:08:02+00,positive,2025-11-12 08:54:31.460817+00,Saturday,6,Excellent,green
94394cdc-0036-4afc-a12a-b3087952778d,elin 01,4,mudah,2022-12-31 03:07:29+00,positive,2025-11-12 08:54:31.460817+00,Saturday,6,Good,green
7472bde2-0672-4463-929b-58bf089e3219,rico eleazar,4,mudah digunakan,2022-12-30 15:07:57+00,positive,2025-11-12 08:54:31.460817+00,Friday,5,Good,green
35a2388a-f17e-465c-84b2-110042496110,Andri Somantri,5,otp lancat,2022-12-30 14:11:14+00,positive,2025-11-12 08:54:31.460817+00,Friday,5,Excellent,green
"0a181f35-403f-4fe1-9e25-f3e26c486af6",fahry siregar,4,mantab,2022-12-30 01:27:31+00,positive,2025-11-12 08:54:31.460817+00,Friday,5,Good,green
d3a5e9f0-4c8f-4b4a-b08c-9ac1cc0240a7,Muhammad Zaenuri,5,pengalaman pertama nieehhh.semoga seru dan menyenangkan,2022-12-29 01:41:04+00,positive,2025-11-12 08:54:31.460817+00,Thursday,4,Excellent,green
744d7cc2-5214-40f6-9bd2-e7c22cea8a7f,teni sp,5,mudah apalikasinya,2022-12-29 01:13:59+00,positive,2025-11-12 08:54:31.460817+00,Thursday,4,Excellent,green
45f7d442-197a-4b08-96dd-095c8259923b,Aqua 748,5,nyaman dan bersih waktu tempuhnya bagus,2022-12-28 10:30:40+00,positive,2025-11-12 08:54:31.460817+00,Wednesday,3,Excellent,green
3e867cc9-bd07-40b1-a1db-de2ed43ff8bd,MUHAMMAD RIDWAN,5,lebih praktis,2022-05-04 09:05:30+00,positive,2025-11-12 08:54:31.460817+00,Wednesday,3,Excellent,green
8cabb34a-e63d-4bfe-961a-dbbda44bbcae,riris budiyanto,1,aplikasi tidak bisa digunakan,2022-01-16 05:40:01+00,negative,2025-11-12 08:54:31.460817+00,Sunday,7,Terrible,red
e81738db-1354-421e-8546-5534a65adccb,Akun Google,2,"Masih banyak bug, tidak bisa verifikasi ktp, sering keluar sendiri.",2022-01-15 12:21:17+00,negative,2025-11-12 08:54:31.460817+00,Saturday,6,Poor,red
7ed80db3-81bc-406b-9018-803df8fc1f44,Muhammad Zulfikar Iman Diena,5,aplikasi nya keren,2022-01-16 18:17:14+00,positive,2025-11-12 08:54:31.460817+00,Sunday,7,Excellent,green
deff4df5-83da-4b5a-9626-16adff08307b,Ab.chanel_1989,5,mantap,2022-01-16 08:47:32+00,positive,2025-11-12 08:54:31.460817+00,Sunday,7,Excellent,green
9f9365b1-b34f-4a59-9d37-d8469687f155,Syarif Hidayat,4,semoga semakin meningkat mutu pelayanannya,2022-01-13 01:53:19+00,positive,2025-11-12 08:54:31.460817+00,Thursday,4,Good,green
6b3dc432-3ded-4897-ae14-54aae0c0f9de,Irwan wahyudi,4,P pp l tmn njnjmjnjmnnnhm m ooo lupa PP p u loop lo o lol ko uo,2022-01-13 01:21:18+00,positive,2025-11-12 08:54:31.460817+00,Thursday,4,Good,green
76da180d-191a-4cb8-ba6f-0d38dbfb0730,Ali Ma'sum,5,Aplikasi yang bagus 👍,2022-01-12 11:30:32+00,positive,2025-11-12 08:54:31.460817+00,Wednesday,3,Excellent,green
dd025c30-8af2-46a5-a194-4fa83357b652,Sarif Hidayat,2,"Habis update jadi error, failed to load gopay status",2022-01-12 01:00:23+00,negative,2025-11-12 08:54:31.460817+00,Wednesday,3,Poor,red
f90c7df8-2abb-4d53-8663-603ec1360a86,mukaffi van riza,5,oke,2022-01-11 08:57:34+00,positive,2025-11-12 08:54:31.460817+00,Tuesday,2,Excellent,green
96de2fa9-55c8-4a22-a9c4-24dae7fb0da8,Leica namia leinathahira,4,versi barunya sudah ok tp perbaiki schedule nya kadang nggak sinkron ama aktual,2022-01-11 07:24:06+00,positive,2025-11-12 08:54:31.460817+00,Tuesday,2,Good,green
13763deb-afc3-465b-9ba0-aee6db40d50f,Iqbal Finance,5,Mantap,2022-01-11 00:30:54+00,positive,2025-11-12 08:54:31.460817+00,Tuesday,2,Excellent,green
